xdac,yWE,
0.00244140625,0,
0.0048828125,0,
0.00244140625,0,
0.0048828125,0,
0.00244140625,0,
0.0048828125,0,
0.00732421875,0,
0.00732421875,0,
0.00732421875,0,
0.01220703125,0,
0.01220703125,0,
0.01220703125,0,
0.0146484375,0,
0.01708984375,0,
0.01708984375,0,
0.01708984375,0,
0.01953125,0,
0.02197265625,0,
0.0244140625,0,
0.0244140625,0,
0.0244140625,0,
0.02685546875,0,
0.029296875,0,
0.03173828125,0,
0.03173828125,0,
0.03173828125,0,
0.0341796875,0,
0.03662109375,0,
0.0390625,0.048828125,
0.0390625,0.048828125,
0.0390625,0.048828125,
0.04150390625,0.0244140625,
0.0439453125,0,
0.04638671875,0,
0.04638671875,0,
0.04638671875,0,
0.048828125,0,
0.05126953125,0,
0.05126953125,0,
0.05126953125,0,
0.0537109375,0,
0.05615234375,0,
0.05859375,0,
0.05859375,0,
0.05859375,0,
0.06103515625,0,
0.0634765625,0,
0.06591796875,0,
0.06591796875,0,
0.06591796875,0,
0.068359375,0,
0.07080078125,0,
0.0732421875,0,
0.0732421875,0,
0.0732421875,0,
0.07568359375,0,
0.078125,0,
0.078125,0,
0.078125,0,
0.08056640625,0,
0.0830078125,0,
0.08544921875,0,
0.08544921875,0,
0.087890625,0,
0.09033203125,0,
0.0927734375,0,
0.0927734375,0,
0.08544921875,0,
0.087890625,0,
0.09765625,0,
0.0927734375,0,
0.09521484375,0,
0.09765625,0,
0.09765625,0,
0.1000976563,0,
0.1025390625,0,
0.1049804688,0,
0.1049804688,0,
0.1049804688,0,
0.107421875,0.0244140625,
0.1098632813,0,
0.1123046875,0,
0.1123046875,0,
0.1123046875,0,
0.1147460938,0,
0.1171875,0,
0.1196289063,0,
0.1196289063,0,
0.1196289063,0,
0.1220703125,0.0341796875,
0.1245117188,0,
0.126953125,0,
0.126953125,0,
0.126953125,0,
0.1293945313,0,
0.1318359375,0,
0.1342773438,0,
0.13671875,0,
0.1318359375,0,
0.1342773438,0,
0.1342773438,0,
0.13671875,0,
0.1391601563,0,
0.1416015625,0,
0.1416015625,0,
0.1416015625,0.05859375,
0.1440429688,0,
0.146484375,0,
0.1489257813,0.05859375,
0.009765625,0,
0.146484375,0,
0.1489257813,0,
0.1489257813,0,
0.1513671875,0,
0.1538085938,0,
0.1538085938,0,
0.15625,0,
0.1586914063,0,
0.1611328125,0,
0.1635742188,0,
0.1586914063,0,
0.1611328125,0,
0.1635742188,0,
0.1586914063,0,
0.1611328125,0,
0.1635742188,0,
0.166015625,0,
0.166015625,0,
0.166015625,0,
0.1684570313,0,
0.1708984375,0,
0.1733398438,0,
0.1733398438,0,
0.1733398438,0,
0.17578125,0,
0.1782226563,0,
0.1806640625,0,
0.1831054688,0,
0.1831054688,0,
0.1831054688,0,
0.185546875,0,
0.1879882813,0,
0.1904296875,0,
0.1879882813,0,
0.1904296875,0,
0.1904296875,0,
0.1928710938,0,
0.1953125,0,
0.1977539063,0,
0.1977539063,0,
0.1977539063,0,
0.2001953125,0,
0.2026367188,0,
0.205078125,0,
0.2075195313,0,
0.2075195313,0,
0.2075195313,0,
0.2099609375,0,
0.2124023438,0,
0.21484375,0,
0.21484375,0,
0.21484375,0,
0.2172851563,0,
0.2197265625,0,
0.2221679688,0,
0.2221679688,0,
0.2221679688,0,
0.224609375,0,
0.2270507813,0,
0.2294921875,0,
0.2319335938,0,
0.2319335938,0,
0.2319335938,0,
0.234375,0,
0.2368164063,0,
0.2392578125,0,
0.2392578125,0,
0.2392578125,0,
0.2416992188,0,
0.244140625,0.009765625,
0.2465820313,0.009765625,
0.2465820313,0,
0.009765625,0,
0.244140625,0.009765625,
0.2465820313,0,
0.2490234375,0,
0.2514648438,0.21484375,
0.25390625,0.107421875,
0.2563476563,0.107421875,
0.2563476563,0.107421875,
0.2563476563,0,
0.2587890625,0.0390625,
0.2612304688,0,
0.263671875,0,
0.263671875,0,
0.263671875,0,
0.2661132813,0,
0.2685546875,0,
0.2709960938,0,
0.2709960938,0,
0.2709960938,0,
0.2734375,0,
0.2783203125,0,
0.2783203125,0,
0.2783203125,0,
0.2807617188,0,
0.283203125,0,
0.2880859375,0,
0.2880859375,0,
0.2880859375,0,
0.2905273438,0,
0.29296875,0,
0.2978515625,0,
0.2978515625,0,
0.2978515625,0.146484375,
0.3002929688,0,
0.302734375,0,
0.3076171875,0,
0.3076171875,0,
0.3076171875,0,
0.3100585938,0,
0.3125,0,
0.3173828125,0,
0.3173828125,0,
0.3198242188,0,
0.3125,0,
0.3173828125,0,
0.3198242188,0,
0.322265625,0,
0.3271484375,0,
0.3271484375,0,
0.3271484375,0.0390625,
0.3295898438,0,
0.33203125,0,
0.3369140625,0,
0.3393554688,0,
0.341796875,0.0830078125,
0.3491210938,0,
0.3369140625,0,
0.3369140625,0,
0.3393554688,0,
0.341796875,0.0830078125,
0.3491210938,0.0830078125,
0.3491210938,0.029296875,
0.3515625,0.29296875,
0.3588867188,0.29296875,
0.3588867188,0.29296875,
0.3588867188,0,
0.361328125,0.0244140625,
0.3637695313,0,
0.3686523438,0,
0.3686523438,0,
0.3686523438,0,
0.37109375,0,
0.3735351563,0,
0.3784179688,0,
0.3784179688,0,
0.3784179688,0,
0.380859375,0,
0.3833007813,0,
0.3881835938,0,
0.3881835938,0,
0.3881835938,0,
0.390625,0,
0.3930664063,0,
0.3979492188,0,
0.3979492188,0,
0.400390625,0.0439453125,
0.4028320313,0,
0.3979492188,0,
0.400390625,0.0439453125,
0.4028320313,0,
0.4077148438,0,
0.4077148438,0,
0.4077148438,0.107421875,
0.41015625,0,
0.4125976563,0,
0.4174804688,0,
0.4174804688,0,
0.4174804688,0,
0.419921875,0.0244140625,
0.4223632813,0,
0.4272460938,0,
0.4272460938,0,
0.4272460938,0,
0.4296875,0.234375,
0.4321289063,0,
0.4370117188,0,
0.4370117188,0.0341796875,
0.439453125,0.078125,
0.4418945313,0,
0.4370117188,0.0341796875,
0.439453125,0.078125,
0.4418945313,0,
0.4467773438,0,
0.4467773438,0,
0.4467773438,0,
0.44921875,0,
0.4516601563,0,
0.4565429688,0,
0.4565429688,0,
0.4565429688,0,
0.458984375,0.01953125,
0.4614257813,0,
0.4663085938,0,
0.4663085938,0,
0.4663085938,0,
0.46875,0,
0.4711914063,0.2685546875,
0.4760742188,0.2685546875,
0.4760742188,0.2685546875,
0.4760742188,0,
0.478515625,0,
0.4809570313,0,
0.4858398438,0,
0.4858398438,0,
0.4858398438,0,
0.48828125,0,
0.4907226563,0,
0.4956054688,0,
0.4956054688,0,
0.4956054688,0.1025390625,
0.498046875,0,
0.5004882813,0.1220703125,
0.5053710938,0.1220703125,
0.5053710938,0.1220703125,
0.5053710938,0.166015625,
0.5078125,0,
0.5102539063,0.009765625,
0.5151367188,0.009765625,
0.5151367188,0.009765625,
0.5151367188,0,
0.517578125,0.2294921875,
0.5200195313,0,
0.5249023438,0,
0.5249023438,0.185546875,
0.52734375,0.126953125,
0.5297851563,0,
0.5249023438,0.185546875,
0.52734375,0.126953125,
0.5297851563,0.0439453125,
0.5346679688,0.0439453125,
0.5346679688,0.166015625,
0.537109375,0,
0.5395507813,0.0439453125,
0.5346679688,0,
0.5444335938,0,
0.546875,0,
0.5395507813,0,
0.5444335938,0,
0.546875,0,
0.5395507813,0,
0.5444335938,0,
0.546875,0.0341796875,
0.5493164063,0,
0.5541992188,0,
0.556640625,0,
0.5590820313,0,
0.5639648438,0,
0.5541992188,0,
0.556640625,0,
0.5590820313,0,
0.5639648438,0,
0.5541992188,0,
0.556640625,0,
0.5590820313,0,
0.5639648438,0.1025390625,
0.56640625,0.01953125,
0.5688476563,0,
0.5737304688,0,
0.5737304688,0,
0.5737304688,0,
0.576171875,0,
0.5786132813,0,
0.5834960938,0,
0.5834960938,0,
0.5834960938,0.15625,
0.5859375,0.0634765625,
0.5883789063,0,
0.5932617188,0,
0.5932617188,0,
0.5932617188,0.0634765625,
0.595703125,0,
0.5981445313,0,
0.60546875,0,
0.60546875,0,
0.60546875,0.0732421875,
0.6079101563,0,
0.615234375,0,
0.615234375,0,
0.615234375,0.0634765625,
0.6176757813,0,
0.625,0,
0.625,0,
0.625,0,
0.6274414063,0.1025390625,
0.6298828125,0,
0.634765625,0,
0.634765625,0,
0.634765625,0,
0.6372070313,0.09765625,
0.6396484375,0,
0.6494140625,0,
0.6494140625,0,
0.6494140625,0,
0.6518554688,0.068359375,
0.654296875,0,
0.6567382813,0,
0.6567382813,0,
0.6591796875,0.1611328125,
0.6616210938,0,
0.6567382813,0,
0.6591796875,0.1611328125,
0.6616210938,0,
0.6640625,0,
0.6640625,0,
0.6640625,0.009765625,
0.6665039063,0,
0.6689453125,0,
0.673828125,0,
0.673828125,0,
0.673828125,0.1708984375,
0.6762695313,0,
0.6787109375,0.087890625,
0.68359375,0.087890625,
0.68359375,0.087890625,
0.68359375,0,
0.6860351563,0.01953125,
0.6884765625,0.0732421875,
0.693359375,0.0732421875,
0.693359375,0.0732421875,
0.693359375,0,
0.6958007813,0.029296875,
0.6982421875,0.234375,
0.703125,0.234375,
0.703125,0.234375,
0.703125,0,
0.7055664063,0,
0.7080078125,0,
0.712890625,0,
0.712890625,0,
0.712890625,0,
0.7153320313,0,
0.7177734375,0,
0.72265625,0,
0.72265625,0,
0.7250976563,0.05859375,
0.7275390625,0,
0.72265625,0,
0.7250976563,0.05859375,
0.7275390625,0,
0.732421875,0,
0.732421875,0,
0.732421875,0.1171875,
0.7348632813,0,
0.7373046875,0.1123046875,
0.7421875,0.1123046875,
0.7421875,0.1123046875,
0.7421875,0,
0.7446289063,0,
0.7470703125,0,
0.751953125,0,
0.751953125,0,
0.751953125,0,
0.7543945313,0.029296875,
0.7568359375,0.009765625,
0.76171875,0.009765625,
0.76171875,0.009765625,
0.76171875,0,
0.7641601563,0.13671875,
0.7666015625,0.2587890625,
0.771484375,0.2587890625,
0.771484375,0.2587890625,
0.771484375,0,
0.7739257813,0,
0.7763671875,0,
0.78125,0,
0.7836914063,0.107421875,
0.7861328125,0,
0.78125,0,
0.78125,0,
0.7836914063,0.107421875,
0.7861328125,0.0732421875,
0.791015625,0.1025390625,
0.7934570313,0.0537109375,
0.7958984375,0.0732421875,
0.791015625,0.0732421875,
0.791015625,0.1025390625,
0.7934570313,0.0537109375,
0.7958984375,0.1416015625,
0.80078125,0.1416015625,
0.80078125,0.1416015625,
0.80078125,0.0634765625,
0.8032226563,0.0146484375,
0.8056640625,0,
0.810546875,0,
0.810546875,0,
0.810546875,0.05859375,
0.8129882813,0.0927734375,
0.8154296875,0,
0.8203125,0,
0.8203125,0.1611328125,
0.8227539063,0.0537109375,
0.8251953125,0,
0.8203125,0.1611328125,
0.8227539063,0.0537109375,
0.8251953125,0,
0.830078125,0,
0.830078125,0,
0.830078125,0,
0.8325195313,0,
0.8349609375,0.1220703125,
0.83984375,0.1220703125,
0.83984375,0.1220703125,
0.83984375,0,
0.8422851563,0.0341796875,
0.8447265625,0,
0.8520507813,0,
0.8520507813,0,
0.8520507813,0.185546875,
0.8544921875,0.09765625,
0.8569335938,0.263671875,
0.8618164063,0.263671875,
0.8618164063,0.263671875,
0.8618164063,0,
0.8642578125,0.0244140625,
0.8666992188,0,
0.8715820313,0,
0.8715820313,0,
0.8715820313,0.0146484375,
0.8740234375,0.1318359375,
0.8764648438,0,
0.8862304688,0,
0.8862304688,0,
0.8862304688,0,
0.888671875,0,
0.8911132813,0,
0.8935546875,0,
0.8935546875,0,
0.8935546875,0,
0.8959960938,0.068359375,
0.8984375,0,
0.9008789063,0,
0.9008789063,0,
0.9008789063,0,
0.9033203125,0.0439453125,
0.9057617188,0.029296875,
0.9106445313,0.029296875,
0.9106445313,0.029296875,
0.9106445313,0.009765625,
0.9130859375,0,
0.9155273438,0.0634765625,
0.9204101563,0.0634765625,
0.9204101563,0.0634765625,
0.9204101563,0,
0.9228515625,0,
0.9252929688,0.078125,
0.9301757813,0.078125,
0.9301757813,0.01953125,
0.9326171875,0.1611328125,
0.9350585938,0.078125,
0.9301757813,0.01953125,
0.9326171875,0.1611328125,
0.9350585938,0,
0.9399414063,0,
0.9399414063,0,
0.9399414063,0.0830078125,
0.9423828125,0.068359375,
0.9448242188,0.2685546875,
0.9497070313,0.2685546875,
0.9497070313,0.2685546875,
0.9497070313,0.1025390625,
0.9521484375,0,
0.9545898438,0,
0.9594726563,0,
0.9594726563,0,
0.9594726563,0,
0.9619140625,0.234375,
0.9643554688,0,
0.9692382813,0,
0.9692382813,0,
0.9692382813,0,
0.9716796875,0.185546875,
0.9741210938,0.0634765625,
0.9790039063,0.0634765625,
0.9790039063,0.0390625,
0.9814453125,0.0244140625,
0.9838867188,0.0634765625,
0.9790039063,0.0390625,
0.9814453125,0.0244140625,
0.9838867188,0.068359375,
0.9887695313,0.068359375,
0.9887695313,0.068359375,
0.9887695313,0,
0.9912109375,0.166015625,
0.9936523438,0,
0.9985351563,0,
0.9985351563,0,
0.9985351563,0.302734375,
1.000976563,0.0341796875,
1.003417969,0,
1.008300781,0,
1.008300781,0,
1.008300781,0.1708984375,
1.010742188,0,
1.013183594,0.0537109375,
1.018066406,0.0537109375,
1.018066406,0.0537109375,
1.018066406,0,
1.020507813,0.1953125,
1.022949219,0,
1.027832031,0,
1.027832031,0,
1.027832031,0.1123046875,
1.030273438,0.05859375,
1.032714844,0.1416015625,
1.037597656,0.1416015625,
1.037597656,0.1416015625,
1.037597656,0.0390625,
1.040039063,0,
1.042480469,0.1220703125,
1.047363281,0.1220703125,
1.047363281,0.1220703125,
1.047363281,0,
1.049804688,0.1025390625,
1.052246094,0,
1.057128906,0,
1.057128906,0.3125,
1.059570313,0.1318359375,
1.062011719,0,
1.057128906,0.3125,
1.059570313,0.1318359375,
1.062011719,0.0439453125,
1.066894531,0.0439453125,
1.066894531,0.0439453125,
1.066894531,0.0439453125,
1.069335938,0,
1.071777344,0.2490234375,
1.076660156,0.2490234375,
1.076660156,0.2490234375,
1.076660156,0.0244140625,
1.079101563,0.1513671875,
1.081542969,0,
1.086425781,0,
1.086425781,0,
1.086425781,0.078125,
1.088867188,0.068359375,
1.091308594,0.1708984375,
1.096191406,0.1708984375,
1.096191406,0.1708984375,
1.096191406,0,
1.098632813,0,
1.101074219,0.0244140625,
1.108398438,0.0244140625,
1.108398438,0.0244140625,
1.108398438,0.05859375,
1.110839844,0,
1.118164063,0,
1.118164063,0,
1.118164063,0.0341796875,
1.120605469,0.0146484375,
1.123046875,0.1025390625,
1.127929688,0.1025390625,
1.127929688,0.1025390625,
1.127929688,0,
1.130371094,0.146484375,
1.1328125,0,
1.137695313,0,
1.137695313,0,
1.137695313,0.0390625,
1.140136719,0,
1.142578125,0,
1.147460938,0,
1.147460938,0,
1.147460938,0.25390625,
1.149902344,0,
1.15234375,0.3125,
1.157226563,0.3125,
1.157226563,0.3125,
1.157226563,0,
1.159667969,0.107421875,
1.162109375,0.0927734375,
1.166992188,0.0927734375,
1.166992188,0.0927734375,
1.166992188,0.05859375,
1.169433594,0.2099609375,
1.176757813,0.2099609375,
1.176757813,0.2099609375,
1.176757813,0.1806640625,
1.179199219,0,
1.181640625,0.1025390625,
1.186523438,0.1025390625,
1.186523438,0.1025390625,
1.186523438,0,
1.188964844,0,
1.19140625,0.33203125,
1.196289063,0.33203125,
1.196289063,0.33203125,
1.196289063,0,
1.198730469,0.244140625,
1.201171875,0.1171875,
1.206054688,0.1171875,
1.206054688,0.0341796875,
1.208496094,0,
1.2109375,0.1171875,
1.206054688,0.0341796875,
1.208496094,0,
1.2109375,0.17578125,
1.215820313,0.17578125,
1.215820313,0.17578125,
1.215820313,0.244140625,
1.218261719,0.048828125,
1.225585938,0.048828125,
1.225585938,0.048828125,
1.225585938,0,
1.228027344,0,
1.235351563,0,
1.235351563,0,
1.237792969,0,
1.235351563,0,
1.237792969,0.4052734375,
1.245117188,0.4052734375,
1.245117188,0.4052734375,
1.245117188,0.13671875,
1.247558594,0.2294921875,
1.254882813,0.2294921875,
1.254882813,0.2294921875,
1.254882813,0,
1.257324219,0.068359375,
1.264648438,0.068359375,
1.264648438,0.068359375,
1.264648438,0.1025390625,
1.267089844,0.15625,
1.274414063,0.15625,
1.274414063,0.15625,
1.274414063,0.1513671875,
1.276855469,0.33203125,
1.284179688,0.33203125,
1.284179688,0.33203125,
1.284179688,0.0244140625,
1.286621094,0,
1.293945313,0,
1.293945313,0,
1.293945313,0.078125,
1.296386719,0.1123046875,
1.303710938,0.1123046875,
1.303710938,0.1123046875,
1.303710938,0,
1.306152344,0.107421875,
1.313476563,0,
0.1306152344,0.107421875,
1.313476563,0.107421875,
1.313476563,0.1513671875,
1.315917969,0.185546875,
1.323242188,0.185546875,
1.323242188,0.185546875,
1.323242188,0.0439453125,
1.325683594,0.068359375,
1.333007813,0.068359375,
1.333007813,0.068359375,
1.333007813,0.361328125,
1.335449219,0.2587890625,
1.342773438,0.2587890625,
1.342773438,0.2587890625,
1.342773438,0.25390625,
1.345214844,0.2197265625,
1.352539063,0.2197265625,
1.352539063,0.2197265625,
1.352539063,0.1220703125,
1.354980469,0,
1.362304688,0,
1.362304688,0,
1.362304688,0.3125,
1.364746094,0.0732421875,
1.372070313,0.0732421875,
1.372070313,0.0732421875,
1.372070313,0.166015625,
1.374511719,0.0390625,
1.381835938,0.0390625,
1.381835938,0.0390625,
1.381835938,0.17578125,
1.384277344,0.107421875,
1.391601563,0.107421875,
1.391601563,0.107421875,
1.391601563,0.15625,
1.394042969,0.2685546875,
1.401367188,0.3173828125,
1.403808594,0.2685546875,
1.401367188,0.2685546875,
1.401367188,0.3173828125,
1.403808594,0.3173828125,
1.411132813,0.3173828125,
1.411132813,0.3173828125,
1.411132813,0.009765625,
1.413574219,0.2685546875,
1.420898438,0.2685546875,
1.420898438,0.2685546875,
1.420898438,0.21484375,
1.423339844,0.078125,
1.430664063,0.078125,
1.430664063,0.2978515625,
1.433105469,0.078125,
1.430664063,0.2978515625,
1.433105469,0.1806640625,
1.440429688,0.1806640625,
1.440429688,0.1806640625,
1.440429688,0.146484375,
1.442871094,0.15625,
1.450195313,0.15625,
1.450195313,0.15625,
1.450195313,0.1220703125,
1.452636719,0,
1.459960938,0.1220703125,
1.459960938,0,
1.459960938,0.37109375,
1.462402344,0.419921875,
1.469726563,0.419921875,
1.469726563,0.419921875,
1.469726563,0.0830078125,
1.472167969,0.205078125,
1.479492188,0.205078125,
1.479492188,0.205078125,
1.479492188,0.17578125,
1.481933594,0.0732421875,
1.489257813,0.0732421875,
1.489257813,0.0732421875,
1.489257813,0.17578125,
1.491699219,0.2392578125,
1.499023438,0.2392578125,
1.499023438,0.2392578125,
1.499023438,0.37109375,
1.501464844,0.234375,
1.508789063,0.234375,
1.508789063,0.234375,
1.508789063,0,
1.511230469,0,
1.518554688,0,
1.518554688,0,
1.518554688,0.1171875,
1.520996094,0.1953125,
1.528320313,0.1025390625,
1.530761719,0.1953125,
1.528320313,0.1953125,
1.528320313,0.1025390625,
1.530761719,0.2587890625,
1.538085938,0.2587890625,
1.538085938,0.2587890625,
1.538085938,0.087890625,
1.540527344,0.3564453125,
1.547851563,0.3564453125,
1.547851563,0.3564453125,
1.547851563,0.2001953125,
1.550292969,0.0927734375,
1.557617188,0.0927734375,
1.557617188,0.0927734375,
1.557617188,0.4638671875,
1.560058594,0.3076171875,
1.567382813,0.3076171875,
1.567382813,0.3076171875,
1.567382813,0.3271484375,
1.569824219,0.1953125,
1.577148438,0.1953125,
1.577148438,0.1953125,
1.577148438,0.166015625,
1.579589844,0.2978515625,
1.586914063,0.2978515625,
1.586914063,0.2978515625,
1.586914063,0.2685546875,
1.589355469,0.2490234375,
1.596679688,0.2490234375,
1.596679688,0.2490234375,
1.596679688,0.283203125,
1.599121094,0.3125,
1.606445313,0.3125,
1.606445313,0.3125,
1.606445313,0.1416015625,
1.608886719,0.0732421875,
1.616210938,0.0732421875,
1.616210938,0.0732421875,
1.616210938,0.2294921875,
1.618652344,0,
1.625976563,0,
1.625976563,0,
1.625976563,0.3515625,
1.628417969,0.1904296875,
1.635742188,0.1904296875,
1.635742188,0.1904296875,
1.635742188,0,
1.638183594,0.2294921875,
1.645507813,0.2294921875,
1.645507813,0.2294921875,
1.645507813,0.126953125,
1.647949219,0.1513671875,
1.655273438,0.1513671875,
1.655273438,0.1513671875,
1.655273438,0.2783203125,
1.657714844,0.5078125,
1.665039063,0.5078125,
1.665039063,0.5078125,
1.665039063,0.1708984375,
1.667480469,0.2392578125,
1.674804688,0.2392578125,
1.674804688,0.2392578125,
1.674804688,0.1171875,
1.677246094,0.1708984375,
1.684570313,0.1708984375,
1.684570313,0.1708984375,
1.684570313,0.2978515625,
1.687011719,0.2099609375,
1.694335938,0.2099609375,
1.694335938,0.2099609375,
1.694335938,0.3125,
1.696777344,0.1904296875,
1.704101563,0.1904296875,
1.704101563,0.1904296875,
1.704101563,0.244140625,
1.706542969,0.0439453125,
1.713867188,0.0439453125,
1.713867188,0.0439453125,
1.713867188,0.2392578125,
1.716308594,0.2587890625,
1.723632813,0.3564453125,
1.726074219,0.2587890625,
1.723632813,0.2587890625,
1.723632813,0.3564453125,
1.726074219,0.390625,
1.733398438,0.390625,
1.733398438,0.390625,
1.733398438,0.234375,
1.735839844,0.4052734375,
1.743164063,0.4052734375,
1.743164063,0.4052734375,
1.743164063,0.2099609375,
1.745605469,0.0830078125,
1.752929688,0.2099609375,
1.745605469,0.0830078125,
1.752929688,0.0830078125,
1.752929688,0.6494140625,
1.755371094,0.2587890625,
1.762695313,0.2587890625,
1.762695313,0.2587890625,
1.762695313,0.2587890625,
1.765136719,0.205078125,
1.772460938,0.205078125,
1.772460938,0.205078125,
1.772460938,0.2587890625,
1.774902344,0.25390625,
1.782226563,0.0439453125,
1.784667969,0.25390625,
1.782226563,0.25390625,
1.782226563,0.0439453125,
1.784667969,0.3955078125,
1.791992188,0.3955078125,
1.791992188,0.3955078125,
1.791992188,0.3076171875,
1.794433594,0.1513671875,
1.801757813,0.1513671875,
1.801757813,0.1513671875,
1.801757813,0.1611328125,
1.804199219,0.146484375,
1.811523438,0.146484375,
1.811523438,0.2734375,
1.813964844,0.146484375,
1.811523438,0.2734375,
1.813964844,0.3857421875,
1.821289063,0.3857421875,
1.821289063,0.3857421875,
1.821289063,0.283203125,
1.823730469,0.478515625,
1.831054688,0.478515625,
1.831054688,0.478515625,
1.831054688,0.341796875,
1.833496094,0.1806640625,
1.840820313,0.1806640625,
1.840820313,0.1806640625,
1.840820313,0.0244140625,
1.843261719,0.33203125,
1.85546875,0.33203125,
1.85546875,0.33203125,
1.85546875,0.1513671875,
1.857910156,0.5029296875,
1.860351563,0.2392578125,
1.862792969,0.1904296875,
1.865234375,0.1904296875,
1.865234375,0.400390625,
1.870117188,0.400390625,
1.870117188,0.400390625,
1.870117188,0.3369140625,
1.872558594,0.0634765625,
1.879882813,0.0634765625,
1.879882813,0.0634765625,
1.879882813,0.439453125,
1.882324219,0.0732421875,
1.889648438,0.0732421875,
1.889648438,0.0732421875,
1.889648438,0.5126953125,
1.892089844,0.4052734375,
1.899414063,0.4052734375,
1.899414063,0.4052734375,
1.899414063,0.2685546875,
1.901855469,0.3564453125,
1.909179688,0.3564453125,
1.909179688,0.3564453125,
1.909179688,0.2880859375,
1.911621094,0.3076171875,
1.918945313,0.3076171875,
1.918945313,0.390625,
1.921386719,0.3076171875,
1.918945313,0.390625,
1.921386719,0.4052734375,
1.928710938,0.4052734375,
1.928710938,0.4052734375,
1.928710938,0.15625,
1.931152344,0.4931640625,
1.938476563,0.4931640625,
1.938476563,0.4931640625,
1.938476563,0.4345703125,
1.940917969,0.4345703125,
1.948242188,0.2099609375,
1.948242188,0.2099609375,
1.948242188,0.3955078125,
1.950683594,0.341796875,
1.958007813,0.341796875,
1.958007813,0.341796875,
1.958007813,0.517578125,
1.960449219,0.7080078125,
1.967773438,0.7080078125,
1.967773438,0.3466796875,
1.970214844,0.7080078125,
1.967773438,0.3466796875,
1.970214844,0.3466796875,
1.977539063,0.2490234375,
1.977539063,0.2490234375,
1.977539063,0.048828125,
1.979980469,0.380859375,
1.987304688,0.380859375,
1.987304688,0.380859375,
1.987304688,0.419921875,
1.989746094,0.234375,
1.997070313,0.234375,
1.997070313,0.419921875,
1.989746094,0.234375,
1.997070313,0.2099609375,
1.999511719,0.3662109375,
2.006835938,0.3662109375,
2.006835938,0.2685546875,
2.009277344,0.3662109375,
2.006835938,0.2685546875,
2.009277344,0.009765625,
2.016601563,0.009765625,
2.016601563,0.009765625,
2.016601563,0.185546875,
2.019042969,0.244140625,
2.026367188,0.244140625,
2.026367188,0.244140625,
2.026367188,0.3125,
2.028808594,0.390625,
2.036132813,0.390625,
2.036132813,0.390625,
2.036132813,0.1953125,
2.038574219,0.2783203125,
2.045898438,0.2783203125,
2.045898438,0.1953125,
2.038574219,0.2783203125,
2.045898438,0.4296875,
2.048339844,0.3369140625,
2.055664063,0.3369140625,
2.055664063,0.3369140625,
2.055664063,0.3125,
2.058105469,0.3076171875,
2.065429688,0.3076171875,
2.065429688,0.068359375,
2.067871094,0.3076171875,
2.065429688,0.068359375,
2.067871094,0.1123046875,
2.075195313,0.1123046875,
2.075195313,0.1123046875,
2.075195313,0.087890625,
2.077636719,0.3173828125,
2.084960938,0.3173828125,
2.084960938,0.3173828125,
2.084960938,0.546875,
2.087402344,0.52734375,
2.094726563,0.546875,
0.1342773438,0.546875,
2.094726563,0.52734375,
2.094726563,0.48828125,
2.097167969,0.48828125,
2.104492188,0.400390625,
2.104492188,0.400390625,
2.104492188,0.224609375,
2.106933594,0.4541015625,
2.114257813,0.4541015625,
2.114257813,0.4541015625,
2.114257813,0.537109375,
2.116699219,0.537109375,
2.124023438,0.3125,
2.124023438,0.3125,
2.124023438,0.3271484375,
2.126464844,0.4345703125,
2.133789063,0.4345703125,
2.133789063,0,
2.136230469,0.4345703125,
2.133789063,0,
2.136230469,0.3076171875,
2.143554688,0.3076171875,
2.143554688,0.3076171875,
2.143554688,0.2490234375,
2.145996094,0.263671875,
2.153320313,0.263671875,
2.153320313,0.5029296875,
2.155761719,0.263671875,
2.153320313,0.5029296875,
2.155761719,0.302734375,
2.163085938,0.302734375,
2.163085938,0.302734375,
2.163085938,0.185546875,
2.165527344,0.205078125,
2.172851563,0.205078125,
2.172851563,0.205078125,
2.172851563,0.1513671875,
2.175292969,0.1171875,
2.182617188,0.1171875,
2.182617188,0.4443359375,
2.185058594,0.1171875,
2.182617188,0.4443359375,
2.185058594,0.5029296875,
2.192382813,0.5029296875,
2.192382813,0.5029296875,
2.192382813,0.3955078125,
2.194824219,0.3955078125,
2.202148438,0.29296875,
2.202148438,0.29296875,
2.202148438,0.4150390625,
2.204589844,0.1953125,
2.211914063,0.1953125,
2.211914063,0.1953125,
2.211914063,0.439453125,
2.214355469,0.478515625,
2.221679688,0.478515625,
2.221679688,0.478515625,
2.221679688,0.595703125,
2.224121094,0.6591796875,
2.231445313,0.6591796875,
2.231445313,0.2587890625,
2.233886719,0.2587890625,
2.231445313,0.2587890625,
2.233886719,0.4833984375,
2.241210938,0.4833984375,
2.241210938,0.4833984375,
2.241210938,0.400390625,
2.243652344,0.400390625,
2.250976563,0.400390625,
2.250976563,0.2685546875,
2.253417969,0.400390625,
2.250976563,0.2685546875,
2.253417969,0.400390625,
2.260742188,0.400390625,
2.260742188,0.1513671875,
2.263183594,0.400390625,
2.260742188,0.1513671875,
2.263183594,0.3857421875,
2.270507813,0.3515625,
2.272949219,0.3857421875,
2.270507813,0.3515625,
2.272949219,0.3857421875,
2.270507813,0.3515625,
2.272949219,0.390625,
2.280273438,0.390625,
2.280273438,0.390625,
2.280273438,0.4150390625,
2.282714844,0.4541015625,
2.290039063,0.4541015625,
2.292480469,0.4541015625,
2.290039063,0.4541015625,
2.290039063,0.4541015625,
2.292480469,0.5126953125,
2.299804688,0.5126953125,
2.299804688,0.5126953125,
2.299804688,0.3857421875,
2.302246094,0.3857421875,
2.309570313,0.4638671875,
2.309570313,0.4638671875,
2.309570313,0.48828125,
2.312011719,0.83984375,
2.319335938,0.83984375,
2.319335938,0.5810546875,
2.321777344,0.83984375,
2.319335938,0.5810546875,
2.321777344,0.5810546875,
2.329101563,0.5615234375,
2.329101563,0.5615234375,
2.329101563,0.400390625,
2.331542969,0.400390625,
2.338867188,0.4345703125,
2.338867188,0.4345703125,
2.338867188,0.2294921875,
2.341308594,0.3173828125,
2.348632813,0.3173828125,
2.348632813,0.3173828125,
2.348632813,0.625,
2.351074219,0.546875,
2.358398438,0.546875,
2.358398438,0.3173828125,
2.360839844,0.3173828125,
2.358398438,0.3173828125,
2.360839844,0.458984375,
2.368164063,0.380859375,
2.370605469,0.458984375,
2.368164063,0.380859375,
2.370605469,0.4052734375,
2.377929688,0.458984375,
2.368164063,0.4052734375,
2.377929688,0.5078125,
2.380371094,0.380859375,
2.377929688,0.5078125,
2.380371094,0.5322265625,
2.387695313,0.5322265625,
2.387695313,0.5517578125,
2.390136719,0.5322265625,
2.387695313,0.5517578125,
2.390136719,0.5517578125,
2.397460938,0.3564453125,
2.397460938,0.3564453125,
2.397460938,0.400390625,
2.399902344,0.41015625,
2.407226563,0.41015625,
2.407226563,0.41015625,
2.407226563,0.5224609375,
2.409667969,0.4150390625,
2.416992188,0.4150390625,
2.416992188,0.4150390625,
2.416992188,0.6591796875,
2.419433594,0.5859375,
2.426757813,0.5859375,
2.426757813,0.5859375,
2.426757813,0.6298828125,
2.429199219,0.6298828125,
2.436523438,0.48828125,
2.436523438,0.48828125,
2.436523438,0.5859375,
2.438964844,0.5859375,
2.446289063,0.5078125,
2.446289063,0.5078125,
2.446289063,0.7958984375,
2.448730469,0.7958984375,
2.456054688,0.6298828125,
2.456054688,0.6298828125,
2.456054688,0.5126953125,
2.458496094,0.5126953125,
2.465820313,0.6884765625,
2.465820313,0.6884765625,
2.465820313,0.5078125,
2.468261719,0.5078125,
2.475585938,0.498046875,
2.475585938,0.6396484375,
2.478027344,0.6396484375,
2.475585938,0.6591796875,
2.490234375,0.6396484375,
2.478027344,0.6591796875,
2.490234375,0.6591796875,
2.490234375,0.7177734375,
2.492675781,0.7177734375,
2.5,0.7080078125,
2.5,0.7080078125,
2.5,0.7275390625,
2.502441406,0.7275390625,
2.509765625,0.732421875,
2.509765625,0.3369140625,
2.512207031,0.3369140625,
2.509765625,0.3369140625,
2.512207031,0.810546875,
2.514648438,0.634765625,
2.51953125,0.634765625,
2.517089844,0.5419921875,
2.524414063,0.5419921875,
2.524414063,0.5419921875,
2.524414063,0.44921875,
2.526855469,0.44921875,
2.534179688,0.625,
2.534179688,0.625,
2.534179688,0.5859375,
2.536621094,0.5859375,
2.543945313,0.732421875,
2.543945313,0.732421875,
2.543945313,0.634765625,
2.546386719,0.634765625,
2.553710938,0.5224609375,
2.553710938,0.5224609375,
2.553710938,0.7421875,
2.556152344,0.7421875,
2.563476563,0.712890625,
2.563476563,0.712890625,
2.563476563,0.48828125,
2.565917969,0.48828125,
2.573242188,0.693359375,
2.573242188,0.693359375,
2.573242188,0.693359375,
2.575683594,0.693359375,
2.583007813,0.791015625,
2.583007813,0.791015625,
2.583007813,0.849609375,
2.585449219,0.849609375,
2.592773438,0.732421875,
2.592773438,0.732421875,
2.592773438,0.44921875,
2.595214844,0.44921875,
2.602539063,0.5029296875,
2.602539063,0.5029296875,
2.602539063,0.9375,
2.604980469,0.9375,
2.612304688,0.6787109375,
2.612304688,0.6787109375,
2.612304688,0.9130859375,
2.614746094,0.9130859375,
2.622070313,1.098632813,
2.622070313,1.098632813,
2.622070313,0.80078125,
2.624511719,0.80078125,
2.631835938,0.810546875,
2.631835938,0.810546875,
2.631835938,0.6640625,
2.634277344,0.6640625,
2.641601563,0.8154296875,
2.641601563,0.8154296875,
2.641601563,0.8447265625,
2.644042969,0.8447265625,
2.651367188,0.80078125,
2.651367188,0.80078125,
2.651367188,0.771484375,
2.653808594,0.771484375,
2.661132813,0.9521484375,
2.661132813,0.9521484375,
2.661132813,0.8056640625,
2.663574219,0.8056640625,
2.670898438,0.6640625,
2.670898438,0.6640625,
2.670898438,0.9033203125,
2.673339844,0.9033203125,
2.680664063,0.7470703125,
2.680664063,0.7470703125,
2.680664063,0.7763671875,
2.683105469,0.7763671875,
2.690429688,0.9423828125,
2.690429688,0.9423828125,
2.690429688,0.7080078125,
2.692871094,0.7080078125,
2.700195313,0.68359375,
2.700195313,0.68359375,
2.700195313,0.7421875,
2.702636719,0.7421875,
2.709960938,0.7958984375,
2.709960938,0.99609375,
2.712402344,0.99609375,
2.709960938,0.99609375,
2.712402344,1.103515625,
2.719726563,1.103515625,
2.719726563,1.103515625,
2.719726563,1.069335938,
2.722167969,1.069335938,
2.729492188,0.947265625,
2.729492188,0.947265625,
2.729492188,0.8251953125,
2.731933594,0.8251953125,
2.739257813,0.908203125,
2.739257813,0.908203125,
2.739257813,1.000976563,
2.741699219,1.000976563,
2.749023438,1.030273438,
2.749023438,1.030273438,
2.749023438,0.91796875,
2.751464844,0.91796875,
2.758789063,0.9423828125,
2.758789063,0.9423828125,
2.758789063,0.771484375,
2.761230469,0.771484375,
2.768554688,0.6689453125,
2.768554688,0.7763671875,
2.770996094,0.7763671875,
2.768554688,0.7763671875,
2.770996094,0.9033203125,
2.778320313,0.9033203125,
2.778320313,0.9033203125,
2.778320313,0.9716796875,
2.780761719,0.9716796875,
2.788085938,0.9130859375,
2.788085938,0.9130859375,
2.788085938,0.8837890625,
2.790527344,0.8837890625,
2.797851563,0.771484375,
2.797851563,0.771484375,
2.797851563,0.9521484375,
2.800292969,0.9521484375,
2.807617188,1.059570313,
2.807617188,1.059570313,
2.807617188,0.9375,
2.810058594,0.9375,
2.817382813,1.059570313,
2.817382813,1.059570313,
2.817382813,0.91796875,
2.819824219,0.91796875,
2.827148438,1.25,
2.827148438,1.25,
2.827148438,0.72265625,
2.829589844,0.72265625,
2.836914063,1.07421875,
2.836914063,1.07421875,
2.836914063,1.201171875,
2.839355469,1.201171875,
2.846679688,1.025390625,
2.846679688,1.025390625,
2.846679688,1.044921875,
2.849121094,1.044921875,
2.856445313,1.020507813,
2.856445313,1.020507813,
2.856445313,0.859375,
2.858886719,0.859375,
2.866210938,1.000976563,
2.866210938,1.15234375,
2.868652344,1.000976563,
2.866210938,1.15234375,
2.868652344,1.15234375,
2.875976563,0.908203125,
2.875976563,0.908203125,
2.875976563,1.147460938,
2.878417969,1.147460938,
2.885742188,1.127929688,
2.885742188,1.127929688,
2.885742188,0.7568359375,
2.888183594,0.7568359375,
2.895507813,1.079101563,
2.895507813,1.079101563,
2.895507813,0.7080078125,
2.897949219,0.7080078125,
2.905273438,1.25,
2.905273438,0.9326171875,
2.907714844,1.25,
2.905273438,0.9326171875,
2.907714844,0.9326171875,
2.915039063,1.108398438,
2.915039063,1.108398438,
2.915039063,0.9130859375,
2.917480469,0.9130859375,
2.924804688,1.19140625,
2.924804688,0.9130859375,
0.3540039063,1.19140625,
2.924804688,0.9765625,
2.927246094,0.9765625,
2.934570313,1.015625,
2.934570313,1.015625,
2.934570313,0.927734375,
2.937011719,0.927734375,
2.944335938,0.849609375,
2.944335938,0.849609375,
2.944335938,0.8251953125,
2.946777344,0.8251953125,
2.954101563,0.966796875,
2.954101563,0.966796875,
2.954101563,0.8203125,
2.956542969,0.8203125,
2.963867188,0.9619140625,
2.963867188,0.9619140625,
2.963867188,0.927734375,
2.966308594,0.927734375,
2.973632813,0.8544921875,
2.973632813,0.8544921875,
2.973632813,1.215820313,
2.976074219,1.215820313,
2.983398438,1.46484375,
2.983398438,1.46484375,
2.983398438,1.123046875,
2.985839844,1.123046875,
2.993164063,0.908203125,
2.995605469,1.1328125,
2.993164063,1.1328125,
2.993164063,0.908203125,
2.995605469,0.908203125,
3.002929688,1.0546875,
3.002929688,1.0546875,
3.002929688,1.123046875,
3.005371094,1.123046875,
3.012695313,1.040039063,
3.012695313,1.040039063,
3.012695313,1.245117188,
3.015136719,1.245117188,
3.022460938,1.318359375,
3.022460938,1.318359375,
3.022460938,0.810546875,
3.024902344,0.810546875,
3.032226563,0.9912109375,
3.032226563,0.9912109375,
3.032226563,1.162109375,
3.034667969,1.162109375,
3.063964844,0.908203125,
3.063964844,1.484375,
3.06640625,0.908203125,
3.063964844,1.484375,
3.06640625,1.484375,
3.068847656,1.166992188,
3.076171875,1.166992188,
3.076171875,1.166992188,
3.076171875,1.196289063,
3.078613281,1.196289063,
3.081054688,1.362304688,
3.0859375,1.15234375,
3.0859375,1.469726563,
3.088378906,1.42578125,
3.090820313,1.42578125,
3.090820313,1.42578125,
3.090820313,1.220703125,
3.093261719,1.42578125,
3.095703125,1.42578125,
3.095703125,1.42578125,
3.095703125,1.489257813,
3.098144531,1.489257813,
3.098144531,1.489257813,
3.098144531,1.469726563,
3.100585938,1.469726563,
3.103027344,1.494140625,
3.110351563,1.494140625,
3.110351563,1.494140625,
3.110351563,1.430664063,
3.112792969,1.430664063,
3.120117188,1.567382813,
3.120117188,1.567382813,
3.120117188,1.201171875,
3.122558594,1.201171875,
3.129882813,1.201171875,
3.122558594,1.201171875,
3.129882813,1.201171875,
3.129882813,1.259765625,
3.132324219,1.259765625,
3.142089844,1.40625,
3.142089844,1.435546875,
3.14453125,1.435546875,
3.142089844,1.66015625,
3.149414063,1.66015625,
3.149414063,1.435546875,
3.14453125,1.42578125,
3.149414063,1.42578125,
3.151855469,1.669921875,
3.159179688,1.669921875,
3.159179688,1.669921875,
3.159179688,1.391601563,
3.161621094,1.391601563,
3.168945313,1.40625,
3.168945313,1.40625,
3.168945313,1.528320313,
3.171386719,1.528320313,
3.178710938,1.538085938,
3.178710938,1.538085938,
3.178710938,1.611328125,
3.181152344,1.611328125,
3.188476563,1.58203125,
3.188476563,1.58203125,
3.188476563,1.333007813,
3.190917969,1.333007813,
3.198242188,1.176757813,
3.198242188,1.176757813,
3.198242188,1.303710938,
3.200683594,1.303710938,
3.208007813,1.430664063,
3.208007813,1.430664063,
3.208007813,1.5625,
3.210449219,1.5625,
3.217773438,1.484375,
3.217773438,1.484375,
3.217773438,1.264648438,
3.220214844,1.264648438,
3.227539063,1.689453125,
3.227539063,1.689453125,
3.227539063,1.337890625,
3.229980469,1.337890625,
3.237304688,1.518554688,
3.237304688,1.518554688,
3.237304688,1.62109375,
3.239746094,1.62109375,
3.247070313,1.474609375,
3.249511719,1.904296875,
3.247070313,1.904296875,
3.247070313,1.474609375,
3.249511719,1.474609375,
3.256835938,1.762695313,
3.256835938,1.762695313,
3.256835938,1.479492188,
3.259277344,1.479492188,
3.266601563,1.606445313,
3.266601563,1.606445313,
3.266601563,1.552734375,
3.269042969,1.552734375,
3.276367188,1.73828125,
3.276367188,1.73828125,
3.276367188,1.567382813,
3.278808594,1.567382813,
3.286132813,1.77734375,
3.286132813,1.77734375,
3.286132813,1.6015625,
3.288574219,1.6015625,
3.295898438,1.435546875,
3.295898438,1.435546875,
3.295898438,1.62109375,
3.298339844,1.62109375,
3.305664063,1.71875,
3.305664063,1.71875,
3.305664063,1.7578125,
3.308105469,1.7578125,
3.315429688,1.752929688,
3.315429688,1.752929688,
3.315429688,1.650390625,
3.317871094,1.650390625,
3.325195313,1.850585938,
3.325195313,1.850585938,
3.325195313,1.450195313,
3.327636719,1.450195313,
3.334960938,1.826171875,
3.334960938,1.826171875,
3.334960938,2.001953125,
3.337402344,2.001953125,
3.344726563,2.119140625,
3.344726563,2.119140625,
3.344726563,1.665039063,
3.347167969,1.665039063,
3.354492188,2.001953125,
3.354492188,1.474609375,
3.356933594,1.474609375,
3.354492188,1.474609375,
3.356933594,1.713867188,
3.364257813,1.713867188,
3.364257813,1.713867188,
3.364257813,1.728515625,
3.366699219,1.728515625,
3.374023438,1.767578125,
3.374023438,1.870117188,
3.376464844,1.870117188,
3.374023438,1.870117188,
3.376464844,1.889648438,
3.383789063,1.889648438,
3.383789063,1.889648438,
3.383789063,1.694335938,
3.386230469,1.694335938,
3.393554688,1.66015625,
3.393554688,1.66015625,
3.393554688,1.831054688,
3.395996094,1.831054688,
3.403320313,1.987304688,
3.403320313,1.987304688,
3.403320313,1.958007813,
3.405761719,1.958007813,
3.413085938,1.958007813,
3.413085938,1.958007813,
3.413085938,1.782226563,
3.415527344,1.782226563,
3.422851563,2.12890625,
3.422851563,2.12890625,
3.422851563,1.89453125,
3.425292969,1.89453125,
3.432617188,1.865234375,
3.435058594,1.723632813,
3.432617188,1.723632813,
3.432617188,1.865234375,
3.435058594,1.865234375,
3.442382813,1.928710938,
3.442382813,1.928710938,
3.442382813,1.77734375,
3.444824219,1.77734375,
3.452148438,2.03125,
3.452148438,2.03125,
3.452148438,1.796875,
3.454589844,1.796875,
3.461914063,1.787109375,
3.461914063,1.787109375,
3.461914063,1.806640625,
3.464355469,1.806640625,
3.471679688,1.875,
3.471679688,1.875,
3.471679688,2.026367188,
3.474121094,2.026367188,
3.481445313,2.099609375,
3.481445313,2.099609375,
3.481445313,1.806640625,
3.483886719,1.806640625,
3.491210938,1.840820313,
3.491210938,1.840820313,
3.491210938,1.875,
3.493652344,1.875,
3.500976563,1.889648438,
3.500976563,1.889648438,
3.500976563,2.109375,
3.503417969,2.109375,
3.510742188,2.280273438,
3.510742188,2.280273438,
3.510742188,2.026367188,
3.513183594,2.026367188,
3.520507813,2.099609375,
3.520507813,2.099609375,
3.520507813,2.041015625,
3.522949219,2.041015625,
3.530273438,2.099609375,
3.530273438,2.099609375,
3.530273438,2.231445313,
3.532714844,2.231445313,
3.540039063,2.075195313,
3.540039063,2.075195313,
3.540039063,2.075195313,
3.542480469,2.075195313,
3.549804688,1.97265625,
3.549804688,1.97265625,
3.549804688,1.958007813,
3.552246094,1.958007813,
3.559570313,2.041015625,
3.559570313,2.041015625,
3.559570313,2.08984375,
3.562011719,2.08984375,
3.569335938,2.250976563,
3.569335938,2.250976563,
3.569335938,2.24609375,
3.571777344,2.24609375,
3.579101563,2.294921875,
3.579101563,2.294921875,
3.579101563,2.036132813,
3.581542969,2.036132813,
3.588867188,2.177734375,
3.588867188,2.177734375,
3.588867188,2.275390625,
3.591308594,2.275390625,
3.598632813,2.016601563,
3.598632813,2.016601563,
3.598632813,2.255859375,
3.601074219,2.255859375,
3.608398438,2.470703125,
3.608398438,2.470703125,
3.608398438,2.485351563,
3.610839844,2.485351563,
3.618164063,2.373046875,
3.618164063,2.373046875,
3.618164063,2.006835938,
3.620605469,2.006835938,
3.627929688,2.270507813,
3.627929688,2.270507813,
3.627929688,2.348632813,
3.630371094,2.348632813,
3.637695313,2.231445313,
3.637695313,2.231445313,
3.637695313,2.2265625,
3.640136719,2.2265625,
3.647460938,2.421875,
3.647460938,2.421875,
3.647460938,2.021484375,
3.649902344,2.021484375,
3.657226563,2.084960938,
3.657226563,2.084960938,
3.657226563,2.211914063,
3.659667969,2.211914063,
3.666992188,2.24609375,
3.666992188,2.24609375,
3.666992188,2.338867188,
3.669433594,2.338867188,
3.676757813,2.338867188,
3.676757813,2.338867188,
3.676757813,2.32421875,
3.679199219,2.32421875,
3.686523438,2.338867188,
3.688964844,2.412109375,
3.686523438,2.412109375,
3.686523438,2.338867188,
3.688964844,2.338867188,
3.696289063,2.24609375,
3.696289063,2.353515625,
3.698730469,2.353515625,
3.696289063,2.431640625,
3.706054688,2.353515625,
3.706054688,2.431640625,
3.706054688,2.602539063,
3.708496094,2.602539063,
3.715820313,2.392578125,
3.715820313,2.392578125,
3.715820313,2.329101563,
3.718261719,2.329101563,
3.725585938,2.16796875,
3.725585938,2.16796875,
3.725585938,2.51953125,
3.728027344,2.51953125,
3.735351563,2.509765625,
3.735351563,2.509765625,
3.735351563,2.529296875,
3.737792969,2.529296875,
3.745117188,2.690429688,
3.745117188,2.690429688,
3.745117188,2.241210938,
3.747558594,2.241210938,
3.754882813,2.216796875,
3.757324219,2.08984375,
3.754882813,2.08984375,
3.754882813,2.216796875,
3.757324219,2.216796875,
3.764648438,2.275390625,
3.764648438,2.275390625,
3.764648438,2.944335938,
3.767089844,2.944335938,
3.774414063,2.426757813,
3.774414063,2.426757813,
3.774414063,2.451171875,
3.776855469,2.451171875,
3.784179688,2.666015625,
3.784179688,2.666015625,
3.784179688,2.602539063,
3.786621094,2.602539063,
3.793945313,2.309570313,
3.793945313,2.309570313,
3.793945313,2.592773438,
3.796386719,2.592773438,
3.803710938,2.666015625,
3.803710938,2.666015625,
3.803710938,2.641601563,
3.806152344,2.641601563,
3.813476563,2.602539063,
3.813476563,2.602539063,
3.813476563,2.299804688,
3.815917969,2.299804688,
3.823242188,2.016601563,
3.823242188,2.016601563,
3.823242188,2.48046875,
3.825683594,2.48046875,
3.833007813,2.34375,
3.833007813,2.34375,
3.833007813,2.6171875,
3.835449219,2.6171875,
3.842773438,2.827148438,
3.842773438,2.827148438,
3.842773438,2.59765625,
3.845214844,2.59765625,
3.852539063,2.641601563,
3.852539063,2.641601563,
3.852539063,2.1484375,
3.854980469,2.1484375,
3.862304688,2.260742188,
3.862304688,2.260742188,
3.862304688,2.67578125,
3.864746094,2.67578125,
3.872070313,2.685546875,
3.872070313,2.685546875,
3.872070313,2.71484375,
3.874511719,2.71484375,
3.881835938,2.6171875,
3.881835938,2.6171875,
3.881835938,2.231445313,
3.884277344,2.231445313,
3.891601563,2.446289063,
3.891601563,2.446289063,
3.891601563,2.524414063,
3.894042969,2.524414063,
3.901367188,2.729492188,
3.901367188,2.729492188,
3.901367188,2.79296875,
3.903808594,2.79296875,
3.911132813,2.797851563,
3.911132813,2.797851563,
3.911132813,2.387695313,
3.913574219,2.387695313,
3.920898438,2.587890625,
3.920898438,2.587890625,
3.920898438,2.622070313,
3.923339844,2.622070313,
3.930664063,2.626953125,
3.930664063,2.626953125,
3.930664063,2.788085938,
3.933105469,2.788085938,
3.940429688,2.661132813,
3.940429688,2.661132813,
3.940429688,2.602539063,
3.942871094,2.602539063,
3.950195313,2.622070313,
3.950195313,2.622070313,
3.950195313,2.626953125,
3.952636719,2.626953125,
3.959960938,2.568359375,
3.959960938,2.568359375,
3.959960938,2.79296875,
3.962402344,2.79296875,
3.969726563,2.568359375,
3.969726563,2.568359375,
3.969726563,2.568359375,
3.972167969,2.568359375,
3.979492188,2.719726563,
3.979492188,2.490234375,
3.981933594,2.490234375,
3.979492188,2.490234375,
3.981933594,2.534179688,
3.989257813,2.534179688,
3.989257813,2.534179688,
3.989257813,2.475585938,
3.991699219,2.475585938,
3.999023438,2.568359375,
3.999023438,2.568359375,
3.999023438,2.670898438,
4.001464844,2.670898438,
4.008789063,2.646484375,
4.008789063,2.646484375,
4.008789063,2.514648438,
4.011230469,2.514648438,
4.018554688,2.412109375,
4.018554688,2.412109375,
4.018554688,2.709960938,
4.020996094,2.709960938,
4.028320313,2.680664063,
4.028320313,2.680664063,
4.028320313,2.592773438,
4.030761719,2.592773438,
4.038085938,2.63671875,
4.038085938,2.63671875,
4.038085938,2.739257813,
4.040527344,2.739257813,
4.047851563,2.685546875,
4.050292969,2.807617188,
4.047851563,2.807617188,
4.047851563,2.685546875,
4.050292969,2.685546875,
4.057617188,2.583007813,
4.057617188,2.583007813,
4.057617188,2.954101563,
4.060058594,2.954101563,
4.067382813,2.841796875,
4.069824219,2.890625,
4.067382813,2.890625,
4.067382813,2.841796875,
4.069824219,2.841796875,
4.077148438,2.729492188,
4.079589844,2.978515625,
4.077148438,2.729492188,
4.079589844,2.978515625,
4.077148438,2.729492188,
4.079589844,2.983398438,
4.086914063,2.983398438,
4.086914063,2.983398438,
4.086914063,2.895507813,
4.089355469,2.895507813,
4.096679688,2.744140625,
4.096679688,2.744140625,
4.096679688,2.998046875,
4.099121094,2.998046875,
4.106445313,2.55859375,
4.106445313,2.55859375,
4.106445313,2.822265625,
4.108886719,2.822265625,
4.116210938,2.963867188,
4.116210938,2.963867188,
4.116210938,2.758789063,
4.118652344,2.758789063,
4.125976563,2.890625,
4.125976563,2.890625,
4.125976563,3.193359375,
4.128417969,3.193359375,
4.135742188,3.291015625,
4.135742188,3.291015625,
4.135742188,3.178710938,
4.138183594,3.178710938,
4.145507813,3.110351563,
4.145507813,3.110351563,
4.145507813,2.822265625,
4.147949219,2.822265625,
4.155273438,3.134765625,
4.155273438,3.134765625,
4.155273438,3.208007813,
4.157714844,3.208007813,
4.165039063,2.939453125,
4.165039063,2.939453125,
4.165039063,3.247070313,
4.167480469,3.247070313,
4.174804688,3.120117188,
4.174804688,3.120117188,
4.174804688,2.958984375,
4.177246094,2.958984375,
4.184570313,3.056640625,
4.184570313,3.056640625,
4.184570313,2.983398438,
4.187011719,2.983398438,
4.194335938,2.924804688,
4.194335938,2.924804688,
4.194335938,3.26171875,
4.196777344,3.26171875,
4.204101563,3.481445313,
4.204101563,3.481445313,
4.204101563,3.354492188,
4.206542969,3.354492188,
4.213867188,3.364257813,
4.213867188,3.364257813,
4.213867188,3.354492188,
4.216308594,3.354492188,
4.223632813,3.291015625,
4.223632813,3.291015625,
4.223632813,3.608398438,
4.226074219,3.608398438,
4.233398438,3.481445313,
4.233398438,3.481445313,
4.233398438,3.500976563,
4.235839844,3.500976563,
4.243164063,3.388671875,
4.243164063,3.388671875,
4.243164063,3.256835938,
4.245605469,3.256835938,
4.252929688,3.65234375,
4.252929688,3.65234375,
4.252929688,3.466796875,
4.255371094,3.466796875,
4.262695313,3.37890625,
4.262695313,3.37890625,
4.262695313,3.754882813,
4.265136719,3.754882813,
4.272460938,3.59375,
4.272460938,3.754882813,
4.265136719,3.59375,
4.272460938,3.168945313,
4.274902344,3.168945313,
4.282226563,3.53515625,
4.282226563,3.53515625,
4.282226563,3.344726563,
4.284667969,3.344726563,
4.291992188,3.520507813,
4.291992188,3.520507813,
4.291992188,3.618164063,
4.294433594,3.618164063,
4.301757813,3.53515625,
4.301757813,3.53515625,
4.301757813,3.41796875,
4.304199219,3.41796875,
4.311523438,3.813476563,
4.311523438,3.813476563,
4.311523438,3.618164063,
4.313964844,3.618164063,
4.321289063,3.471679688,
4.321289063,3.471679688,
4.321289063,3.930664063,
4.323730469,3.930664063,
4.331054688,3.647460938,
4.331054688,3.896484375,
4.333496094,3.896484375,
4.331054688,3.896484375,
4.333496094,3.75,
4.340820313,3.75,
4.340820313,3.75,
4.340820313,3.588867188,
4.343261719,3.588867188,
4.350585938,3.647460938,
4.350585938,3.647460938,
4.350585938,4.0625,
4.353027344,4.0625,
4.360351563,3.798828125,
4.360351563,4.00390625,
4.362792969,3.798828125,
4.360351563,4.00390625,
4.362792969,4.00390625,
4.370117188,4.0625,
4.370117188,4.0625,
4.370117188,3.500976563,
4.372558594,3.500976563,
4.379882813,4.033203125,
4.379882813,4.033203125,
4.379882813,3.950195313,
4.382324219,3.950195313,
4.389648438,3.745117188,
4.389648438,3.950195313,
4.382324219,3.930664063,
4.389648438,3.930664063,
4.392089844,3.8671875,
4.399414063,3.8671875,
4.399414063,3.8671875,
4.399414063,3.828125,
4.401855469,3.828125,
4.409179688,4.013671875,
4.409179688,4.013671875,
4.409179688,4.125976563,
4.411621094,4.125976563,
4.418945313,4.125976563,
4.411621094,4.077148438,
4.418945313,4.077148438,
4.418945313,4.150390625,
4.421386719,4.150390625,
4.428710938,3.8671875,
4.428710938,3.8671875,
4.428710938,4.091796875,
4.431152344,4.091796875,
4.438476563,3.959960938,
4.438476563,3.959960938,
4.438476563,3.544921875,
4.440917969,3.544921875,
4.448242188,3.61328125,
4.448242188,3.61328125,
4.448242188,3.88671875,
4.450683594,3.88671875,
4.458007813,3.881835938,
4.460449219,3.6328125,
4.458007813,3.6328125,
4.458007813,3.881835938,
4.460449219,3.881835938,
4.467773438,4.028320313,
4.467773438,4.028320313,
4.467773438,4.208984375,
4.470214844,4.208984375,
4.477539063,4.213867188,
4.477539063,4.213867188,
4.477539063,3.823242188,
4.479980469,3.823242188,
4.487304688,4.038085938,
4.487304688,4.291992188,
4.489746094,4.038085938,
4.487304688,4.291992188,
4.489746094,4.291992188,
4.497070313,3.96484375,
4.497070313,3.96484375,
4.497070313,3.969726563,
4.497070313,3.969726563,
4.489746094,3.90625,
4.489746094,3.90625,
4.489746094,3.466796875,
4.487304688,3.466796875,
4.477539063,3.486328125,
4.477539063,3.486328125,
4.477539063,3.696289063,
4.475097656,3.696289063,
4.470214844,3.422851563,
4.470214844,3.583984375,
4.467773438,3.583984375,
4.470214844,3.583984375,
4.467773438,3.5546875,
4.460449219,3.5546875,
4.460449219,3.5546875,
4.460449219,3.203125,
4.458007813,3.203125,
4.450683594,3.588867188,
4.450683594,3.588867188,
4.450683594,3.1640625,
4.448242188,3.1640625,
4.440917969,3.076171875,
4.440917969,3.076171875,
4.440917969,3.75,
4.438476563,3.75,
4.431152344,3.452148438,
4.431152344,3.452148438,
4.431152344,3.549804688,
4.428710938,3.549804688,
4.421386719,3.227539063,
4.418945313,3.26171875,
4.421386719,3.26171875,
4.421386719,3.227539063,
4.418945313,3.227539063,
4.411621094,3.212890625,
4.411621094,3.212890625,
4.411621094,3.310546875,
4.409179688,3.310546875,
4.401855469,3.022460938,
4.401855469,3.022460938,
4.401855469,3.173828125,
4.399414063,3.173828125,
4.392089844,3.188476563,
4.392089844,3.188476563,
4.392089844,2.94921875,
4.389648438,2.94921875,
4.382324219,2.885742188,
4.382324219,2.885742188,
4.382324219,2.963867188,
4.379882813,2.963867188,
4.372558594,3.037109375,
4.372558594,3.037109375,
4.372558594,3.017578125,
4.370117188,3.017578125,
4.362792969,3.017578125,
4.370117188,2.8125,
4.362792969,2.993164063,
4.360351563,2.8125,
4.362792969,2.993164063,
4.360351563,2.993164063,
4.353027344,2.87109375,
4.353027344,2.87109375,
4.353027344,2.509765625,
4.350585938,2.509765625,
4.343261719,2.744140625,
4.343261719,2.744140625,
4.343261719,3.046875,
4.340820313,3.046875,
4.333496094,2.749023438,
4.331054688,2.71484375,
4.333496094,2.749023438,
4.331054688,2.71484375,
4.333496094,2.749023438,
4.331054688,2.602539063,
4.323730469,2.602539063,
4.323730469,2.602539063,
4.323730469,2.1875,
4.321289063,2.1875,
4.313964844,2.666015625,
4.311523438,2.514648438,
4.313964844,2.514648438,
4.313964844,2.666015625,
4.311523438,2.666015625,
4.304199219,2.280273438,
4.304199219,2.280273438,
4.304199219,2.587890625,
4.301757813,2.587890625,
4.294433594,2.602539063,
4.294433594,2.602539063,
4.294433594,2.1875,
4.291992188,2.1875,
4.284667969,2.426757813,
4.282226563,2.255859375,
4.284667969,2.255859375,
4.284667969,2.426757813,
4.282226563,2.426757813,
4.274902344,2.294921875,
4.274902344,2.294921875,
4.274902344,2.40234375,
4.272460938,2.40234375,
4.265136719,2.373046875,
4.265136719,2.373046875,
4.265136719,2.1875,
4.262695313,2.1875,
4.255371094,2.451171875,
4.255371094,2.451171875,
4.255371094,2.163085938,
4.252929688,2.163085938,
4.245605469,2.275390625,
4.245605469,2.275390625,
4.245605469,2.319335938,
4.243164063,2.319335938,
4.235839844,2.03125,
4.235839844,2.03125,
4.235839844,1.89453125,
4.233398438,1.89453125,
4.226074219,1.899414063,
4.226074219,1.899414063,
4.226074219,1.870117188,
4.223632813,1.870117188,
4.216308594,1.870117188,
4.223632813,1.806640625,
4.216308594,1.806640625,
4.216308594,1.772460938,
4.213867188,1.772460938,
4.206542969,1.884765625,
4.206542969,1.884765625,
4.206542969,2.055664063,
4.204101563,2.055664063,
4.196777344,1.645507813,
4.196777344,1.469726563,
4.194335938,1.640625,
4.187011719,1.69921875,
4.184570313,1.645507813,
4.196777344,1.469726563,
4.194335938,1.640625,
4.187011719,1.469726563,
4.194335938,1.69921875,
4.187011719,1.69921875,
4.184570313,1.572265625,
4.177246094,1.572265625,
4.177246094,1.572265625,
4.177246094,1.997070313,
4.174804688,1.997070313,
4.167480469,1.85546875,
4.167480469,1.85546875,
4.167480469,1.513671875,
4.165039063,1.513671875,
4.157714844,1.845703125,
4.157714844,1.845703125,
4.157714844,1.440429688,
4.155273438,1.440429688,
4.147949219,1.450195313,
4.147949219,1.450195313,
4.147949219,1.6015625,
4.145507813,1.6015625,
4.138183594,1.669921875,
4.138183594,1.669921875,
4.138183594,1.66015625,
4.135742188,1.66015625,
4.125976563,1.245117188,
4.125976563,1.40625,
4.123535156,1.40625,
4.125976563,1.40625,
4.123535156,1.411132813,
4.118652344,1.411132813,
4.118652344,1.411132813,
4.118652344,1.416015625,
4.116210938,1.416015625,
4.108886719,1.430664063,
4.108886719,1.430664063,
4.108886719,1.450195313,
4.106445313,1.450195313,
4.099121094,1.337890625,
4.099121094,1.342773438,
4.096679688,1.342773438,
4.089355469,1.26953125,
4.089355469,1.337890625,
4.099121094,1.11328125,
4.086914063,1.342773438,
4.089355469,1.11328125,
4.086914063,1.098632813,
4.079589844,1.098632813,
4.079589844,1.098632813,
4.079589844,1.069335938,
4.077148438,1.069335938,
4.069824219,1.069335938,
4.069824219,1.469726563,
4.069824219,1.166992188,
4.067382813,1.166992188,
4.060058594,1.079101563,
4.060058594,1.186523438,
4.057617188,1.079101563,
4.060058594,1.186523438,
4.057617188,1.186523438,
4.050292969,0.9619140625,
4.050292969,0.9619140625,
4.050292969,1.303710938,
4.047851563,1.303710938,
4.040527344,0.9228515625,
4.040527344,0.9228515625,
4.040527344,1.1328125,
4.038085938,1.1328125,
4.030761719,1.137695313,
4.030761719,1.137695313,
4.030761719,1.088867188,
4.028320313,1.088867188,
4.020996094,0.8251953125,
4.020996094,0.8251953125,
4.020996094,1.044921875,
4.018554688,1.044921875,
4.011230469,0.9228515625,
4.011230469,0.9228515625,
4.011230469,0.986328125,
4.008789063,0.986328125,
4.001464844,1.142578125,
4.001464844,1.142578125,
4.001464844,0.927734375,
3.999023438,0.927734375,
3.991699219,0.80078125,
3.991699219,0.80078125,
3.991699219,0.771484375,
3.989257813,0.771484375,
3.981933594,0.546875,
3.981933594,0.546875,
3.981933594,1.15234375,
3.979492188,1.15234375,
3.972167969,0.908203125,
3.972167969,0.908203125,
3.972167969,0.7763671875,
3.969726563,0.7763671875,
3.962402344,1.010742188,
3.962402344,1.010742188,
3.962402344,0.7958984375,
3.959960938,0.7958984375,
3.952636719,0.4345703125,
3.952636719,0.4345703125,
3.952636719,0.8056640625,
3.950195313,0.7080078125,
3.942871094,0.8056640625,
0.41015625,0.8056640625,
3.942871094,0.7080078125,
3.942871094,0.6884765625,
3.940429688,0.6884765625,
3.933105469,0.6640625,
3.933105469,0.6640625,
3.933105469,0.6396484375,
3.930664063,0.6396484375,
3.923339844,0.6103515625,
3.923339844,0.6103515625,
3.923339844,0.6494140625,
3.920898438,0.6494140625,
3.913574219,0.673828125,
3.913574219,0.673828125,
3.913574219,0.703125,
3.911132813,0.703125,
3.903808594,0.546875,
3.901367188,0.4443359375,
3.903808594,0.4443359375,
3.903808594,0.546875,
3.901367188,0.546875,
3.894042969,0.68359375,
3.894042969,0.7666015625,
3.891601563,0.7666015625,
3.894042969,0.7666015625,
3.891601563,0.341796875,
3.884277344,0.341796875,
3.884277344,0.341796875,
3.884277344,0.673828125,
3.881835938,0.5810546875,
3.874511719,0.5810546875,
3.874511719,0.9716796875,
3.872070313,0.5810546875,
3.874511719,0.9716796875,
3.872070313,0.9716796875,
3.864746094,0.771484375,
3.864746094,0.771484375,
3.864746094,0.44921875,
3.862304688,0.44921875,
3.854980469,0.2783203125,
3.854980469,0.2783203125,
3.854980469,0.41015625,
3.852539063,0.3076171875,
3.845214844,0.3076171875,
3.845214844,0.3076171875,
3.845214844,0.5517578125,
3.842773438,0.5517578125,
3.835449219,0.44921875,
3.835449219,0.44921875,
3.835449219,0.4345703125,
3.833007813,0.41015625,
3.825683594,0.41015625,
3.825683594,0.2880859375,
3.823242188,0.41015625,
3.825683594,0.2880859375,
3.823242188,0.0390625,
3.815917969,0.0390625,
3.815917969,0.2880859375,
3.815917969,0.6103515625,
3.813476563,0.5908203125,
3.806152344,0.29296875,
3.803710938,0.5908203125,
3.806152344,0.5908203125,
3.806152344,0.29296875,
3.803710938,0.3173828125,
3.796386719,0.3173828125,
3.796386719,0.3173828125,
3.796386719,0.1416015625,
3.793945313,0.21484375,
3.786621094,0.21484375,
3.786621094,0.21484375,
3.786621094,0.478515625,
3.784179688,0.322265625,
3.776855469,0.322265625,
3.776855469,0.322265625,
3.776855469,0.52734375,
3.774414063,0.52734375,
3.767089844,0.4638671875,
3.767089844,0.4638671875,
3.767089844,0.29296875,
3.764648438,0.17578125,
3.757324219,0.17578125,
3.757324219,0.17578125,
3.757324219,0.224609375,
3.754882813,0.234375,
3.747558594,0.234375,
3.747558594,0.234375,
3.747558594,0.439453125,
3.745117188,0.52734375,
3.737792969,0.52734375,
3.737792969,0.52734375,
3.737792969,0.33203125,
3.735351563,0.33203125,
3.728027344,0.185546875,
3.728027344,0.185546875,
3.728027344,0.244140625,
3.725585938,0.2392578125,
3.718261719,0.2392578125,
3.718261719,0.2392578125,
3.718261719,0.4736328125,
3.715820313,0.01953125,
3.708496094,0.01953125,
3.708496094,0.01953125,
3.708496094,0.25390625,
3.706054688,0,
3.698730469,0,
3.698730469,0,
3.698730469,0.0732421875,
3.696289063,0.029296875,
3.688964844,0.029296875,
3.688964844,0.029296875,
3.688964844,0.2001953125,
3.686523438,0.2001953125,
3.679199219,0.2001953125,
3.679199219,0.2001953125,
3.679199219,0.4443359375,
3.676757813,0.48828125,
3.669433594,0.48828125,
3.669433594,0.48828125,
3.669433594,0,
3.666992188,0.0537109375,
3.659667969,0.0537109375,
3.659667969,0.0537109375,
3.659667969,0.048828125,
3.657226563,0,
3.649902344,0,
3.649902344,0.048828125,
3.649902344,0.3466796875,
3.647460938,0.1513671875,
3.640136719,0.3466796875,
0.3637695313,0.1513671875,
3.640136719,0.1513671875,
3.640136719,0.0390625,
3.637695313,0.0927734375,
3.630371094,0.0927734375,
3.630371094,0.0927734375,
3.630371094,0,
3.627929688,0,
3.620605469,0,
3.620605469,0.2978515625,
3.618164063,0,
3.620605469,0.2978515625,
3.618164063,0.1318359375,
3.610839844,0.1318359375,
3.610839844,0.1318359375,
3.610839844,0.1123046875,
3.608398438,0.107421875,
3.601074219,0.107421875,
3.601074219,0.107421875,
3.601074219,0,
3.598632813,0,
3.591308594,0,
3.591308594,0,
3.591308594,0,
3.588867188,0,
3.581542969,0,
3.581542969,0,
3.581542969,0.2783203125,
3.579101563,0,
3.571777344,0,
3.569335938,0,
3.571777344,0,
3.571777344,0,
3.569335938,0,
3.562011719,0,
3.557128906,0,
3.562011719,0,
3.562011719,0,
3.559570313,0.0439453125,
3.549804688,0.0439453125,
3.549804688,0.0439453125,
3.549804688,0,
3.547363281,0.0537109375,
3.542480469,0.0537109375,
3.542480469,0.0537109375,
3.542480469,0,
3.540039063,0,
3.532714844,0,
3.532714844,0,
3.532714844,0,
3.530273438,0.1171875,
3.513183594,0.1171875,
3.513183594,0.1953125,
3.510742188,0.1171875,
3.513183594,0.1953125,
3.510742188,0,
3.508300781,0.3125,
3.505859375,0.1806640625,
3.503417969,0,
3.500976563,0.3125,
3.505859375,0.1806640625,
3.503417969,0,
3.500976563,0,
3.498535156,0,
3.498535156,0,
3.498535156,0,
3.493652344,0,
3.493652344,0.1025390625,
3.491210938,0,
3.493652344,0.1025390625,
3.491210938,0,
3.483886719,0,
3.483886719,0.1025390625,
3.483886719,0.1025390625,
3.481445313,0,
3.474121094,0,
3.474121094,0,
3.474121094,0,
3.471679688,0,
3.461914063,0,
3.461914063,0,
3.461914063,0.078125,
3.459472656,0.0830078125,
3.454589844,0.0830078125,
3.454589844,0.0830078125,
3.454589844,0.09765625,
3.452148438,0.224609375,
3.444824219,0.224609375,
3.444824219,0.224609375,
3.444824219,0,
3.442382813,0,
3.435058594,0,
3.435058594,0,
3.435058594,0,
3.432617188,0.068359375,
3.425292969,0.068359375,
3.425292969,0.068359375,
3.425292969,0,
3.422851563,0,
3.415527344,0,
3.415527344,0,
3.415527344,0,
3.413085938,0,
3.403320313,0,
3.403320313,0,
3.403320313,0,
3.400878906,0.0439453125,
3.393554688,0.0439453125,
3.393554688,0.0439453125,
3.393554688,0,
3.391113281,0,
3.383789063,0,
3.383789063,0,
3.383789063,0,
3.381347656,0,
3.374023438,0,
3.374023438,0,
3.374023438,0,
3.371582031,0,
3.366699219,0,
3.366699219,0,
3.366699219,0,
3.364257813,0,
3.356933594,0,
3.356933594,0,
3.356933594,0,
3.354492188,0,
3.347167969,0,
3.347167969,0,
3.347167969,0,
3.344726563,0,
3.337402344,0,
3.337402344,0,
3.337402344,0.1611328125,
3.334960938,0,
3.327636719,0,
3.327636719,0,
3.327636719,0.0390625,
3.325195313,0.078125,
3.317871094,0.078125,
3.317871094,0.078125,
3.317871094,0,
3.315429688,0,
3.308105469,0,
3.308105469,0,
3.308105469,0,
3.305664063,0,
3.298339844,0,
3.298339844,0,
3.298339844,0,
3.295898438,0,
3.288574219,0,
3.288574219,0,
3.288574219,0,
3.286132813,0,
3.278808594,0,
3.278808594,0,
3.278808594,0,
3.276367188,0,
3.269042969,0,
3.269042969,0,
3.269042969,0.0244140625,
3.266601563,0,
3.259277344,0,
3.259277344,0,
3.259277344,0.0439453125,
3.256835938,0,
3.249511719,0,
3.249511719,0,
3.249511719,0,
3.247070313,0,
3.239746094,0,
3.239746094,0,
3.239746094,0,
3.237304688,0,
3.229980469,0,
3.229980469,0,
3.229980469,0,
3.227539063,0,
3.220214844,0,
3.220214844,0,
3.220214844,0,
3.217773438,0,
3.210449219,0,
3.210449219,0,
3.210449219,0,
3.208007813,0,
3.200683594,0,
3.200683594,0,
3.200683594,0,
3.198242188,0.1220703125,
3.190917969,0.1220703125,
3.190917969,0,
3.188476563,0.1220703125,
3.190917969,0,
3.188476563,0,
3.181152344,0,
3.181152344,0,
3.181152344,0,
3.178710938,0,
3.171386719,0,
3.171386719,0,
3.171386719,0,
3.168945313,0.0439453125,
3.161621094,0.0439453125,
3.161621094,0.0439453125,
3.161621094,0,
3.159179688,0.048828125,
3.151855469,0.048828125,
3.151855469,0.048828125,
3.151855469,0,
3.149414063,0,
3.142089844,0,
3.142089844,0,
3.142089844,0,
3.139648438,0.0146484375,
3.132324219,0.0146484375,
3.132324219,0.0146484375,
3.132324219,0,
3.129882813,0,
3.122558594,0,
3.122558594,0,
3.122558594,0,
3.120117188,0,
3.112792969,0,
3.112792969,0,
3.112792969,0,
3.110351563,0,
3.103027344,0,
3.103027344,0,
3.103027344,0,
3.100585938,0,
3.093261719,0,
3.093261719,0,
3.093261719,0,
3.090820313,0,
3.083496094,0,
3.083496094,0,
3.081054688,0,
3.083496094,0,
3.081054688,0,
3.078613281,0.029296875,
3.071289063,0,
3.068847656,0,
3.068847656,0,
3.068847656,0,
3.061523438,0,
3.059082031,0,
3.059082031,0,
3.059082031,0,
3.051757813,0,
3.051757813,0,
3.051757813,0.009765625,
3.049316406,0.009765625,
3.049316406,0.009765625,
3.049316406,0,
3.041992188,0,
3.039550781,0,
3.039550781,0,
3.039550781,0,
3.032226563,0,
3.032226563,0,
3.032226563,0,
3.029785156,0,
3.022460938,0,
3.022460938,0,
3.022460938,0,
3.020019531,0,
3.012695313,0,
3.012695313,0,
3.012695313,0,
3.010253906,0,
3.002929688,0,
3.002929688,0,
3.002929688,0,
3.000488281,0,
2.993164063,0,
2.993164063,0,
2.993164063,0,
2.990722656,0,
2.983398438,0,
2.983398438,0.1611328125,
2.980957031,0,
2.983398438,0.1611328125,
2.980957031,0,
2.973632813,0,
2.973632813,0,
2.973632813,0,
2.971191406,0,
2.963867188,0,
2.963867188,0,
2.963867188,0,
2.961425781,0,
2.954101563,0,
2.94921875,0,
2.954101563,0,
2.954101563,0,
2.951660156,0.0927734375,
2.944335938,0.0927734375,
2.944335938,0.0927734375,
2.944335938,0,
2.941894531,0,
2.934570313,0,
2.934570313,0,
2.934570313,0,
2.932128906,0,
2.924804688,0,
2.924804688,0,
2.924804688,0.078125,
2.922363281,0,
2.915039063,0,
2.915039063,0,
2.915039063,0,
2.912597656,0,
2.905273438,0,
2.905273438,0,
2.905273438,0,
2.902832031,0,
2.895507813,0,
2.895507813,0,
2.895507813,0,
2.893066406,0,
2.885742188,0,
2.885742188,0,
2.885742188,0,
2.883300781,0,
2.875976563,0,
2.875976563,0,
2.875976563,0,
2.873535156,0,
2.866210938,0,
2.866210938,0,
2.866210938,0,
2.863769531,0,
2.856445313,0,
2.856445313,0,
2.856445313,0,
2.854003906,0,
2.846679688,0,
2.846679688,0,
2.846679688,0,
2.844238281,0,
2.836914063,0,
2.836914063,0,
2.836914063,0,
2.834472656,0,
2.827148438,0.146484375,
2.824707031,0,
2.827148438,0,
2.827148438,0.146484375,
2.824707031,0,
2.817382813,0,
2.817382813,0,
2.817382813,0,
2.814941406,0,
2.807617188,0,
2.807617188,0,
2.807617188,0,
2.805175781,0,
2.797851563,0,
2.797851563,0,
2.797851563,0,
2.795410156,0,
2.788085938,0,
2.788085938,0,
2.788085938,0,
2.785644531,0,
2.778320313,0,
2.778320313,0,
2.778320313,0,
2.775878906,0,
2.768554688,0,
2.766113281,0,
2.768554688,0,
2.766113281,0,
2.768554688,0,
2.766113281,0,
2.758789063,0,
2.758789063,0,
2.758789063,0,
2.756347656,0.01953125,
2.749023438,0.01953125,
2.749023438,0.01953125,
2.749023438,0,
2.746582031,0,
2.739257813,0,
2.739257813,0,
2.739257813,0,
2.736816406,0,
2.729492188,0,
2.729492188,0,
2.729492188,0,
2.727050781,0.185546875,
2.719726563,0.185546875,
2.719726563,0.185546875,
2.719726563,0,
2.717285156,0,
2.709960938,0,
2.709960938,0,
2.709960938,0,
2.707519531,0,
2.700195313,0,
2.700195313,0,
2.700195313,0,
2.697753906,0.087890625,
2.690429688,0.087890625,
2.690429688,0.087890625,
2.690429688,0,
2.687988281,0,
2.680664063,0,
2.678222656,0,
2.680664063,0,
2.678222656,0,
2.680664063,0,
2.678222656,0,
2.670898438,0,
2.670898438,0,
2.670898438,0,
2.668457031,0,
2.661132813,0,
2.661132813,0,
2.661132813,0,
2.658691406,0,
2.651367188,0,
2.651367188,0,
2.651367188,0,
2.648925781,0,
2.641601563,0,
2.641601563,0,
2.641601563,0,
2.639160156,0,
2.631835938,0,
2.631835938,0,
2.631835938,0,
2.629394531,0,
2.622070313,0,
2.622070313,0,
2.622070313,0,
2.619628906,0,
2.612304688,0,
2.612304688,0,
2.612304688,0,
2.609863281,0,
2.602539063,0,
2.609863281,0,
2.602539063,0,
2.602539063,0,
2.600097656,0,
2.592773438,0,
2.592773438,0,
2.592773438,0,
2.590332031,0,
2.580566406,0,
2.580566406,0,
2.580566406,0,
2.578125,0,
2.578125,0,
2.578125,0,
2.570800781,0,
2.568359375,0,
2.568359375,0,
2.568359375,0,
2.561035156,0,
2.561035156,0,
2.561035156,0,
2.55859375,0,
2.551269531,0,
2.551269531,0,
2.551269531,0,
2.548828125,0,
2.541503906,0,
2.541503906,0,
2.541503906,0,
2.5390625,0,
2.531738281,0,
2.531738281,0,
2.531738281,0,
2.529296875,0,
2.521972656,0,
2.521972656,0,
2.521972656,0,
2.51953125,0,
2.512207031,0,
2.512207031,0,
2.512207031,0,
2.509765625,0,
2.502441406,0,
2.502441406,0,
2.5,0,
2.502441406,0,
2.5,0,
2.492675781,0,
2.492675781,0,
2.492675781,0,
2.490234375,0,
2.482910156,0,
2.482910156,0,
2.482910156,0,
2.48046875,0,
2.473144531,0,
2.473144531,0,
2.473144531,0,
2.470703125,0,
2.463378906,0,
2.463378906,0,
2.463378906,0,
2.4609375,0,
2.453613281,0,
2.453613281,0,
2.453613281,0,
2.451171875,0,
2.443847656,0,
2.443847656,0,
2.443847656,0,
2.44140625,0,
2.434082031,0,
2.434082031,0,
2.431640625,0,
2.434082031,0,
2.431640625,0,
2.424316406,0,
2.424316406,0,
2.424316406,0,
2.421875,0,
2.414550781,0,
2.412109375,0,
2.414550781,0,
2.414550781,0,
2.412109375,0,
2.404785156,0,
2.404785156,0,
2.40234375,0,
2.404785156,0,
2.40234375,0,
2.395019531,0,
2.395019531,0,
2.395019531,0,
2.392578125,0,
2.385253906,0,
2.380371094,0,
2.385253906,0,
2.3828125,0,
2.385253906,0,
2.3828125,0,
2.375488281,0,
2.375488281,0,
2.373046875,0,
2.375488281,0,
2.373046875,0,
2.365722656,0,
2.365722656,0,
2.365722656,0,
2.36328125,0,
2.355957031,0,
2.355957031,0,
2.355957031,0,
2.353515625,0,
2.346191406,0,
2.346191406,0,
2.34375,0,
2.346191406,0,
2.34375,0,
2.336425781,0,
2.336425781,0,
2.336425781,0,
2.333984375,0,
2.326660156,0,
2.326660156,0,
2.32421875,0,
2.326660156,0,
2.32421875,0,
2.316894531,0,
2.316894531,0,
2.316894531,0,
2.314453125,0,
2.307128906,0,
2.307128906,0,
2.307128906,0,
2.3046875,0,
2.297363281,0,
2.297363281,0,
2.297363281,0,
2.294921875,0,
2.287597656,0,
2.287597656,0,
2.287597656,0,
2.28515625,0,
2.277832031,0,
2.277832031,0,
2.275390625,0,
2.277832031,0,
2.275390625,0,
2.268066406,0,
2.268066406,0,
2.268066406,0,
2.265625,0,
2.258300781,0,
2.258300781,0,
2.258300781,0,
2.255859375,0,
2.248535156,0,
2.248535156,0,
2.248535156,0,
2.24609375,0,
2.238769531,0,
2.238769531,0,
2.238769531,0,
2.236328125,0,
2.229003906,0,
2.229003906,0,
2.229003906,0,
2.2265625,0,
2.219238281,0,
2.219238281,0,
2.219238281,0,
2.216796875,0,
2.209472656,0,
2.209472656,0,
2.20703125,0,
2.209472656,0,
2.20703125,0,
2.199707031,0,
2.199707031,0,
2.199707031,0,
2.197265625,0,
2.189941406,0,
2.189941406,0,
2.189941406,0,
2.1875,0,
2.180175781,0,
2.180175781,0,
2.180175781,0,
2.177734375,0,
2.170410156,0,
2.170410156,0,
2.170410156,0,
2.16796875,0,
2.160644531,0,
2.160644531,0,
2.160644531,0,
2.158203125,0,
2.150878906,0,
2.150878906,0,
2.1484375,0,
2.150878906,0,
2.1484375,0,
2.141113281,0,
2.141113281,0,
2.141113281,0,
2.138671875,0,
2.131347656,0,
2.12890625,0,
2.131347656,0,
2.121582031,0,
2.121582031,0,
2.131347656,0,
2.12890625,0,
2.121582031,0,
2.119140625,0,
2.111816406,0,
2.111816406,0,
2.111816406,0,
2.109375,0,
2.102050781,0,
2.102050781,0,
2.102050781,0,
2.099609375,0,
2.092285156,0,
2.092285156,0,
2.092285156,0,
2.08984375,0,
2.082519531,0,
2.082519531,0,
2.082519531,0,
2.080078125,0,
2.072753906,0,
2.072753906,0,
2.072753906,0,
2.0703125,0,
2.062988281,0,
2.062988281,0,
2.062988281,0,
2.060546875,0,
2.053222656,0,
2.053222656,0,
2.053222656,0,
2.05078125,0,
2.043457031,0,
2.043457031,0,
2.043457031,0,
2.041015625,0,
2.033691406,0,
2.033691406,0,
2.033691406,0,
2.03125,0,
2.023925781,0,
2.023925781,0,
2.021484375,0,
2.023925781,0,
2.021484375,0,
2.014160156,0,
2.014160156,0,
2.014160156,0,
2.01171875,0,
2.004394531,0,
2.004394531,0,
2.004394531,0,
2.001953125,0,
1.994628906,0,
1.9921875,0,
1.994628906,0,
1.994628906,0,
1.9921875,0,
1.984863281,0,
1.984863281,0,
1.984863281,0,
1.982421875,0,
1.975097656,0,
1.975097656,0,
1.975097656,0,
1.97265625,0,
1.965332031,0,
1.965332031,0,
1.965332031,0,
1.962890625,0,
1.955566406,0,
1.955566406,0,
1.955566406,0,
1.953125,0,
1.945800781,0,
1.945800781,0,
1.945800781,0,
1.943359375,0,
1.936035156,0,
1.936035156,0,
1.936035156,0,
1.93359375,0,
1.926269531,0,
1.926269531,0,
1.926269531,0,
1.923828125,0,
1.916503906,0,
1.916503906,0,
1.916503906,0,
1.9140625,0,
1.906738281,0,
1.906738281,0,
1.906738281,0,
1.904296875,0,
1.896972656,0,
1.896972656,0,
1.896972656,0,
1.89453125,0,
1.887207031,0,
1.887207031,0,
1.887207031,0,
1.884765625,0,
1.877441406,0,
1.877441406,0,
1.877441406,0,
1.875,0,
1.867675781,0,
1.867675781,0,
1.867675781,0,
1.865234375,0,
1.857910156,0,
1.857910156,0,
1.857910156,0,
1.85546875,0,
1.848144531,0,
1.848144531,0,
1.848144531,0,
1.845703125,0,
1.838378906,0,
1.838378906,0,
1.838378906,0,
1.8359375,0,
1.818847656,0,
1.818847656,0,
1.818847656,0,
1.81640625,0,
1.813964844,0,
1.811523438,0,
1.809082031,0,
1.809082031,0,
1.809082031,0,
1.806640625,0,
1.806640625,0,
1.806640625,0,
1.804199219,0,
1.796875,0,
1.796875,0,
1.796875,0,
1.794433594,0,
1.787109375,0,
1.787109375,0,
1.787109375,0,
1.784667969,0,
1.77734375,0,
1.77734375,0,
1.77734375,0,
1.774902344,0,
1.767578125,0,
1.767578125,0,
1.767578125,0,
1.765136719,0,
1.7578125,0,
1.7578125,0,
1.7578125,0,
1.755371094,0,
1.748046875,0,
1.748046875,0,
1.748046875,0,
1.745605469,0,
1.73828125,0,
1.73828125,0,
1.735839844,0,
1.73828125,0,
1.735839844,0,
1.728515625,0,
1.728515625,0,
1.728515625,0,
1.726074219,0,
1.71875,0,
1.71875,0,
1.71875,0,
1.716308594,0,
1.708984375,0,
1.708984375,0,
1.708984375,0,
1.706542969,0,
1.69921875,0,
1.69921875,0,
1.69921875,0,
1.696777344,0,
1.689453125,0,
1.687011719,0,
1.689453125,0,
1.689453125,0,
1.687011719,0,
1.6796875,0,
1.6796875,0,
1.6796875,0,
1.677246094,0,
1.669921875,0,
1.665039063,0,
1.669921875,0,
1.667480469,0,
1.669921875,0,
1.667480469,0,
1.66015625,0,
1.657714844,0,
1.66015625,0,
1.66015625,0,
1.657714844,0,
1.650390625,0,
1.650390625,0,
1.650390625,0,
1.647949219,0,
1.640625,0,
1.638183594,0,
1.640625,0,
1.640625,0,
1.638183594,0,
1.630859375,0,
1.630859375,0,
1.630859375,0,
1.628417969,0,
1.62109375,0,
1.62109375,0,
1.62109375,0,
1.618652344,0,
1.611328125,0,
1.611328125,0,
1.611328125,0,
1.608886719,0,
1.6015625,0,
1.6015625,0,
1.6015625,0,
1.599121094,0,
1.591796875,0,
1.591796875,0,
1.591796875,0,
1.589355469,0,
1.58203125,0,
1.58203125,0,
1.58203125,0,
1.579589844,0,
1.564941406,0,
1.564941406,0,
1.564941406,0,
1.5625,0,
1.560058594,0,
1.557617188,0,
1.555175781,0,
1.555175781,0,
1.555175781,0,
1.552734375,0,
1.552734375,0,
1.552734375,0,
1.550292969,0,
1.54296875,0,
1.54296875,0,
1.54296875,0,
1.540527344,0,
1.533203125,0,
1.533203125,0,
1.533203125,0,
1.530761719,0,
1.5234375,0,
1.5234375,0,
1.5234375,0,
1.520996094,0,
1.513671875,0,
1.513671875,0,
1.513671875,0,
1.511230469,0,
1.50390625,0,
1.501464844,0,
1.50390625,0,
1.501464844,0,
1.50390625,0,
1.501464844,0,
1.494140625,0,
1.494140625,0,
1.494140625,0,
1.491699219,0,
1.484375,0,
1.484375,0,
1.484375,0,
1.481933594,0,
1.474609375,0,
1.474609375,0,
1.474609375,0,
1.472167969,0,
1.46484375,0,
1.46484375,0,
1.462402344,0,
1.46484375,0,
1.462402344,0,
1.455078125,0,
1.455078125,0,
1.455078125,0,
1.452636719,0,
1.4453125,0,
1.4453125,0,
1.4453125,0,
1.442871094,0,
1.435546875,0,
1.435546875,0,
1.435546875,0,
1.433105469,0,
1.42578125,0,
1.42578125,0,
1.42578125,0,
1.423339844,0,
1.416015625,0,
1.416015625,0,
1.416015625,0,
1.413574219,0,
1.40625,0,
1.40625,0,
1.40625,0,
1.403808594,0,
1.396484375,0,
1.396484375,0,
1.396484375,0,
1.394042969,0,
1.38671875,0,
1.38671875,0,
1.38671875,0,
1.384277344,0,
1.376953125,0,
1.376953125,0,
1.376953125,0,
1.374511719,0,
1.3671875,0,
1.3671875,0,
1.3671875,0,
1.364746094,0,
1.357421875,0,
1.357421875,0,
1.357421875,0,
1.354980469,0,
1.34765625,0,
1.34765625,0,
1.34765625,0,
1.345214844,0,
1.342773438,0,
1.337890625,0,
1.337890625,0,
1.337890625,0,
1.335449219,0,
1.333007813,0,
1.328125,0,
1.328125,0,
1.328125,0,
1.325683594,0,
1.318359375,0,
1.318359375,0,
1.318359375,0,
1.315917969,0,
1.30859375,0,
1.30859375,0,
1.30859375,0,
1.306152344,0,
1.298828125,0,
1.298828125,0,
1.296386719,0,
1.298828125,0,
1.296386719,0,
1.2890625,0,
1.2890625,0,
1.2890625,0,
1.286621094,0,
1.279296875,0,
1.279296875,0,
1.279296875,0,
1.276855469,0,
1.274414063,0,
1.267089844,0,
1.264648438,0,
1.264648438,0,
1.264648438,0,
1.257324219,0,
1.257324219,0,
1.257324219,0,
1.254882813,0,
1.252441406,0,
1.247558594,0,
1.247558594,0,
1.247558594,0,
1.245117188,0,
1.242675781,0,
1.237792969,0,
1.237792969,0,
1.235351563,0,
1.237792969,0,
1.235351563,0,
1.228027344,0,
1.228027344,0,
1.228027344,0,
1.225585938,0,
1.223144531,0,
1.2109375,0,
1.2109375,0,
1.2109375,0,
1.208496094,0,
1.206054688,0,
1.203613281,0,
1.203613281,0,
1.203613281,0,
1.201171875,0,
1.198730469,0,
1.19140625,0,
1.19140625,0,
1.19140625,0,
1.188964844,0,
1.186523438,0,
1.184082031,0,
1.181640625,0,
1.186523438,0,
1.184082031,0,
1.184082031,0,
1.181640625,0,
1.179199219,0,
1.176757813,0,
1.176757813,0,
1.176757813,0,
1.174316406,0,
1.171875,0,
1.169433594,0,
1.169433594,0,
1.169433594,0,
1.166992188,0,
1.164550781,0,
1.159667969,0,
1.159667969,0,
1.159667969,0,
1.157226563,0,
1.154785156,0,
1.149902344,0,
1.149902344,0,
1.149902344,0,
1.147460938,0,
1.145019531,0,
1.140136719,0,
1.140136719,0,
1.140136719,0,
1.137695313,0,
1.135253906,0,
1.130371094,0,
1.130371094,0,
1.130371094,0,
1.127929688,0,
1.125488281,0,
1.120605469,0,
1.120605469,0,
1.120605469,0,
1.118164063,0,
1.115722656,0,
1.110839844,0,
1.110839844,0,
1.110839844,0,
1.108398438,0,
1.105957031,0,
1.101074219,0,
1.101074219,0,
1.101074219,0,
1.098632813,0,
1.096191406,0,
1.091308594,0,
1.091308594,0,
1.091308594,0,
1.088867188,0,
1.086425781,0,
1.081542969,0,
1.081542969,0,
1.081542969,0,
1.079101563,0,
1.076660156,0,
1.071777344,0,
1.071777344,0,
1.071777344,0,
1.069335938,0,
1.066894531,0,
1.062011719,0,
1.059570313,0,
1.066894531,0,
1.062011719,0,
1.059570313,0,
1.057128906,0,
1.062011719,0,
1.059570313,0,
1.057128906,0,
1.052246094,0,
1.052246094,0,
1.052246094,0,
1.049804688,0,
1.047363281,0,
1.042480469,0,
1.042480469,0,
1.042480469,0,
1.040039063,0,
1.037597656,0,
1.030273438,0,
1.030273438,0,
1.027832031,0,
1.030273438,0,
1.027832031,0,
1.020507813,0,
1.020507813,0,
1.020507813,0,
1.018066406,0,
1.010742188,0,
1.010742188,0,
1.010742188,0,
1.008300781,0,
1.005859375,0,
1.000976563,0,
1.000976563,0,
1.000976563,0,
0.9985351563,0,
0.99609375,0,
0.9912109375,0,
0.9912109375,0,
0.9912109375,0,
0.9887695313,0,
0.986328125,0,
0.9814453125,0,
0.9814453125,0,
0.9814453125,0,
0.9790039063,0,
0.9765625,0,
0.9716796875,0,
0.9716796875,0,
0.9716796875,0,
0.9692382813,0,
0.966796875,0,
0.9619140625,0,
0.9619140625,0,
0.9594726563,0,
0.95703125,0,
0.9619140625,0,
0.9594726563,0,
0.95703125,0,
0.9521484375,0,
0.9521484375,0,
0.9521484375,0,
0.9497070313,0,
0.947265625,0,
0.9423828125,0,
0.9423828125,0,
0.9423828125,0,
0.9399414063,0,
0.9375,0,
0.9252929688,0,
0.9252929688,0,
0.9228515625,0,
0.9204101563,0,
0.9252929688,0,
0.9228515625,0,
0.9204101563,0,
0.91796875,0,
0.91796875,0,
0.91796875,0,
0.9155273438,0,
0.9130859375,0,
0.9106445313,0,
0.908203125,0,
0.9057617188,0,
0.9106445313,0,
0.9106445313,0,
0.908203125,0,
0.9057617188,0,
0.9033203125,0,
0.9008789063,0,
0.8984375,0,
0.9033203125,0,
0.9033203125,0,
0.9008789063,0,
0.8984375,0,
0.8935546875,0,
0.8935546875,0,
0.8935546875,0,
0.8911132813,0,
0.888671875,0,
0.8837890625,0,
0.8837890625,0,
0.8837890625,0,
0.8813476563,0,
0.87890625,0,
0.8740234375,0,
0.8740234375,0,
0.8740234375,0,
0.8715820313,0,
0.869140625,0,
0.8642578125,0,
0.8642578125,0,
0.8618164063,0,
0.859375,0,
0.8642578125,0,
0.8618164063,0,
0.859375,0,
0.8544921875,0,
0.8544921875,0,
0.8544921875,0,
0.8520507813,0,
0.849609375,0,
0.8447265625,0,
0.8447265625,0,
0.8447265625,0,
0.8422851563,0,
0.83984375,0,
0.8349609375,0,
0.8349609375,0,
0.8349609375,0,
0.8325195313,0,
0.830078125,0,
0.8251953125,0,
0.8251953125,0,
0.8251953125,0,
0.8227539063,0,
0.8203125,0,
0.8154296875,0,
0.8154296875,0,
0.8154296875,0,
0.8129882813,0,
0.810546875,0,
0.8056640625,0,
0.8056640625,0,
0.8056640625,0,
0.8032226563,0,
0.80078125,0,
0.7934570313,0,
0.7934570313,0,
0.7934570313,0,
0.791015625,0,
0.7885742188,0,
0.7836914063,0,
0.7836914063,0,
0.7836914063,0,
0.78125,0,
0.7788085938,0,
0.7739257813,0,
0.771484375,0,
0.7690429688,0,
0.7739257813,0,
0.7739257813,0,
0.771484375,0,
0.7690429688,0,
0.7641601563,0,
0.7641601563,0,
0.7641601563,0,
0.76171875,0,
0.7592773438,0,
0.7543945313,0,
0.7543945313,0,
0.7543945313,0,
0.751953125,0,
0.7495117188,0,
0.7446289063,0,
0.7446289063,0,
0.7446289063,0,
0.7421875,0,
0.7397460938,0,
0.7348632813,0,
0.7348632813,0,
0.7348632813,0,
0.732421875,0,
0.7299804688,0,
0.7250976563,0,
0.7250976563,0,
0.7250976563,0,
0.72265625,0,
0.7202148438,0,
0.7153320313,0,
0.7153320313,0,
0.7153320313,0,
0.712890625,0,
0.7104492188,0,
0.7055664063,0,
0.7055664063,0,
0.7055664063,0,
0.703125,0,
0.7006835938,0,
0.6958007813,0,
0.6958007813,0,
0.6958007813,0,
0.693359375,0,
0.6909179688,0,
0.6860351563,0,
0.6860351563,0,
0.6909179688,0,
0.6860351563,0,
0.68359375,0,
0.6811523438,0,
0.6762695313,0,
0.6762695313,0,
0.673828125,0,
0.6713867188,0,
0.6762695313,0,
0.673828125,0,
0.6713867188,0,
0.6665039063,0,
0.6665039063,0,
0.6665039063,0,
0.6640625,0,
0.6616210938,0,
0.6567382813,0,
0.6567382813,0,
0.6567382813,0,
0.654296875,0,
0.6518554688,0,
0.6469726563,0,
0.6469726563,0,
0.6469726563,0,
0.64453125,0,
0.6420898438,0,
0.6372070313,0,
0.6372070313,0,
0.6372070313,0,
0.634765625,0,
0.6323242188,0,
0.6274414063,0,
0.6274414063,0,
0.6274414063,0,
0.625,0,
0.6225585938,0,
0.6176757813,0,
0.6225585938,0,
0.6176757813,0,
0.6176757813,0,
0.615234375,0,
0.6127929688,0,
0.6079101563,0,
0.6079101563,0,
0.6079101563,0,
0.60546875,0,
0.6030273438,0,
0.5981445313,0,
0.5981445313,0,
0.5981445313,0,
0.595703125,0,
0.5932617188,0,
0.5810546875,0,
0.5810546875,0,
0.5786132813,0,
0.576171875,0,
0.5810546875,0,
0.5786132813,0,
0.576171875,0,
0.5737304688,0,
0.5737304688,0,
0.5737304688,0,
0.5712890625,0,
0.5688476563,0,
0.56640625,0,
0.56640625,0,
0.5639648438,0,
0.5615234375,0,
0.56640625,0,
0.5639648438,0,
0.5615234375,0,
0.556640625,0,
0.556640625,0,
0.556640625,0,
0.5541992188,0,
0.5517578125,0,
0.546875,0,
0.546875,0,
0.546875,0,
0.5444335938,0,
0.5419921875,0,
0.537109375,0,
0.537109375,0,
0.537109375,0,
0.5346679688,0,
0.5322265625,0,
0.52734375,0,
0.52734375,0,
0.52734375,0,
0.5249023438,0,
0.5224609375,0,
0.517578125,0,
0.517578125,0,
0.5151367188,0,
0.5126953125,0,
0.517578125,0,
0.5151367188,0,
0.5126953125,0,
0.5078125,0,
0.5078125,0,
0.5078125,0,
0.5053710938,0,
0.5029296875,0,
0.498046875,0,
0.498046875,0,
0.498046875,0,
0.4956054688,0,
0.4931640625,0,
0.48828125,0,
0.48828125,0,
0.48828125,0,
0.4858398438,0,
0.4833984375,0,
0.478515625,0,
0.478515625,0,
0.4760742188,0,
0.4736328125,0,
0.478515625,0,
0.4760742188,0,
0.4736328125,0,
0.46875,0,
0.46875,0,
0.46875,0,
0.4663085938,0,
0.4638671875,0,
0.458984375,0,
0.4638671875,0,
0.458984375,0,
0.458984375,0,
0.4565429688,0,
0.4541015625,0,
0.44921875,0,
0.44921875,0,
0.4467773438,0,
0.4443359375,0,
0.44921875,0,
0.4467773438,0,
0.4443359375,0,
0.439453125,0,
0.439453125,0,
0.439453125,0,
0.4370117188,0,
0.4345703125,0,
0.4296875,0,
0.4296875,0,
0.4296875,0,
0.4272460938,0,
0.4248046875,0,
0.419921875,0,
0.419921875,0,
0.419921875,0,
0.4174804688,0,
0.4150390625,0,
0.41015625,0,
0.41015625,0,
0.41015625,0,
0.4077148438,0,
0.4052734375,0,
0.400390625,0,
0.400390625,0,
0.400390625,0,
0.3979492188,0,
0.3955078125,0,
0.390625,0,
0.390625,0,
0.3881835938,0,
0.3857421875,0,
0.390625,0,
0.3881835938,0,
0.3857421875,0,
0.380859375,0,
0.380859375,0,
0.380859375,0,
0.3784179688,0,
0.3759765625,0,
0.37109375,0,
0.37109375,0,
0.37109375,0,
0.3686523438,0,
0.3662109375,0,
0.361328125,0,
0.361328125,0,
0.361328125,0,
0.3588867188,0,
0.3564453125,0,
0.3515625,0,
0.3515625,0,
0.3515625,0,
0.3491210938,0,
0.3466796875,0,
0.341796875,0,
0.341796875,0,
0.341796875,0,
0.3393554688,0,
0.3369140625,0,
0.33203125,0,
0.33203125,0,
0.33203125,0,
0.3295898438,0,
0.3271484375,0,
0.3198242188,0,
0.3198242188,0,
0.3198242188,0,
0.3173828125,0,
0.3149414063,0,
0.3100585938,0,
0.3100585938,0,
0.3100585938,0,
0.3076171875,0,
0.3051757813,0,
0.3002929688,0,
0.3002929688,0,
0.3002929688,0,
0.2978515625,0,
0.2954101563,0,
0.2905273438,0,
0.2905273438,0,
0.2905273438,0,
0.2880859375,0,
0.2856445313,0,
0.2807617188,0,
0.2807617188,0,
0.2807617188,0,
0.2783203125,0,
0.2758789063,0,
0.2709960938,0,
0.2709960938,0,
0.2709960938,0,
0.2685546875,0,
0.2661132813,0,
0.2612304688,0,
0.2612304688,0,
0.2612304688,0,
0.2587890625,0,
0.2563476563,0,
0.2514648438,0,
0.2514648438,0,
0.2514648438,0,
0.2490234375,0,
0.2465820313,0,
0.2416992188,0,
0.2416992188,0,
0.2416992188,0,
0.2392578125,0,
0.2368164063,0,
0.2319335938,0,
0.2319335938,0,
0.2319335938,0,
0.2294921875,0,
0.2270507813,0,
0.2221679688,0,
0.2221679688,0,
0.2221679688,0,
0.2197265625,0,
0.2172851563,0,
0.2124023438,0,
0.2124023438,0,
0.2124023438,0,
0.2099609375,0,
0.2075195313,0,
0.2026367188,0,
0.2026367188,0,
0.2026367188,0,
0.2001953125,0,
0.1977539063,0,
0.1928710938,0,
0.1928710938,0,
0.1928710938,0,
0.1904296875,0,
0.1879882813,0,
0.1831054688,0,
0.1831054688,0,
0.1831054688,0,
0.1806640625,0,
0.1782226563,0,
0.1733398438,0,
0.1733398438,0,
0.1733398438,0,
0.1708984375,0,
0.1684570313,0,
0.1635742188,0,
0.1635742188,0,
0.1635742188,0,
0.1611328125,0,
0.1586914063,0,
0.1538085938,0,
0.1538085938,0,
0.1538085938,0,
0.1513671875,0,
0.1489257813,0,
0.1440429688,0,
0.1440429688,0,
0.1440429688,0,
0.1416015625,0,
0.1391601563,0,
0.1342773438,0,
0.1342773438,0,
0.1342773438,0,
0.1318359375,0,
0.1293945313,0,
0.1245117188,0,
0.1245117188,0,
0.1245117188,0,
0.1220703125,0,
0.1196289063,0,
0.1147460938,0,
0.1147460938,0,
0.1147460938,0,
0.1123046875,0,
0.1098632813,0,
0.1098632813,0,
0.1098632813,0,
0.1049804688,0,
0.1049804688,0,
0.1049804688,0,
0.1025390625,0,
0.1000976563,0,
0.1000976563,0,
0.1000976563,0,
0.09521484375,0,
0.09521484375,0,
0.09521484375,0,
0.0927734375,0,
0.09033203125,0,
0.09033203125,0,
0.09033203125,0,
0.08544921875,0,
0.08544921875,0,
0.08544921875,0,
0.0830078125,0,
0.08056640625,0,
0.08056640625,0,
0.08056640625,0,
0.07568359375,0,
0.07568359375,0,
0.07568359375,0,
0.0732421875,0,
0.07080078125,0,
0.07080078125,0,
0.07080078125,0,
0.0634765625,0,
0.0634765625,0,
0.0634765625,0,
0.06103515625,0,
0.05859375,0,
0.0537109375,0,
0.0537109375,0,
0.0537109375,0,
0.05126953125,0,
0.048828125,0,
0.048828125,0,
0.048828125,0,
0.0439453125,0,
0.04150390625,0,
0.0439453125,0,
0.04150390625,0,
0.0439453125,0,
0.04150390625,0,
0.0390625,0,
0.0390625,0,
0.0390625,0,
0.0341796875,0,
0.0341796875,0,
0.03173828125,0,
0.029296875,0,
0.0341796875,0,
0.03173828125,0,
0.029296875,0,
0.029296875,0,
0.0244140625,0,
0.0244140625,0,
0.0244140625,0,
0.02197265625,0,
0.01953125,0,
0.01953125,0,
0.01953125,0,
0.0146484375,0,
0.01220703125,0,
0.009765625,0,
0.0146484375,0,
0.01220703125,0,
0.009765625,0,
0.0146484375,0,
0.01220703125,0,
0.009765625,0,
0.0048828125,0,
0.00244140625,0,
0.0048828125,0,
0.00244140625,0,
0.0048828125,0,
0.00244140625,0,
